0.6584730894598917,-0.5965196811390472,0.458887197981067
0.7539488201843426,-0.32679603927163736,-0.5698820274925401
0.050094212810771324,0.7209269341054421,-0.6911981810770315
0.4749417672867638,0.8770178768373971,-0.07259449975135715
0.9487585829393015,0.05274211576480394,0.31156928687478247
0.1542505753642494,0.4352794581336222,-0.8869828371094326
0.9217878177941323,-0.01177629924392544,-0.38751585482719164
0.8903280350144429,0.26670778092594516,0.3690297408893744
0.11440745851632478,-0.8281543924310595,0.5486995860514006
0.5182006602986972,0.8502350525586949,-0.09256582018492299
-0.006798432891015746,0.8627993939434279,-0.5055007291004433
-0.4755105606564614,0.7167664615354453,0.5100348481448446
0.5753892979306067,0.3668431477185518,0.7309947064096074
-0.3281063497944504,-0.9389251816698461,-0.10375801873016088
-0.2252090763927103,0.02248650822284878,-0.9740509375070106
-0.9753691179293691,0.2010252912706968,-0.0907960134544247
0.7372276648756074,-0.49031599516749,0.46485007800899975
0.10095933611533656,-0.6875067759764613,0.7191256117241287
0.0024442002538570674,-0.16689566866200997,-0.9859715318745159
0.7534439125565208,0.6523751160543562,-0.08203035160589779
0.5104216595553417,-0.5977974507132136,0.6181487987350245
0.16816134453953485,-0.6705064809110206,0.7225945068009962
-0.010717509695397216,0.5588747334410449,0.8291828310494194
0.9454173027687417,-0.3201977453373451,-0.06049402868348368
-0.6676023600184704,0.09154698610634282,-0.7388682143877984
0.14061511514607608,-0.9582428899491738,-0.2489938819616081
-0.9947656753631395,-0.10121364575207298,0.014037415463347963
0.6102414102387642,-0.13124493919536542,-0.7812683195710736
-0.9514406863927029,-0.30777536416272033,0.0059114711441059465
-0.5986351596009192,0.5254909572798558,-0.604561989796483
0.7640879544239608,0.645034275109457,0.010019073720888711
0.2470989641847925,-0.5246571007267631,0.814663751836173
0.09497106206731631,-0.9715754241724445,-0.2168448581680937
-0.3999133556412933,0.027379003119021753,-0.9161439287404185
-0.016781154245948112,-0.9998540481346062,0.0032055094781213668
-0.2905201116672802,0.9566404272577529,-0.02090831540165158
-0.6120059867333862,-0.7502295362319384,0.25020854335474796
-0.6189349759368244,-0.783414959303384,-0.05639589614289029
0.030297460247634266,-0.25026391577939977,0.9677034857647794
-0.5608324123675754,-0.15258340823195465,0.8137476935575834
-0.6220716808373447,0.1957820887576909,-0.7580871965822115
0.4237631897803749,0.5425993865897591,0.7252659268568868
-0.14638982103658757,0.2437547736370287,0.9587250026081705
-0.43324436857464466,0.7097198119282887,-0.5555151713993344
0.34892096774131,-0.7353775022551822,-0.5809251995286462
0.5135840668120497,-0.8512623421485168,-0.1076282079968694
0.2897911648892537,-0.6742610428562567,-0.679259248621999
0.16356343183819733,-0.46374720447601286,0.8707384992671419
-0.19602896124693056,-0.8058033219502075,-0.5587966111980813
-0.11337809070888769,-0.9640991918774818,0.24012112936681324
-0.10245165147434482,-0.9565820294006718,-0.2728634826023296
-0.14284439864353815,-0.48067617748546065,0.8651854657668099
0.3622302696493461,-0.5850195548215423,-0.7256316918562519
-0.93675835163048,-0.031074118637803665,0.3485945923295848
0.8578406470069129,0.48891654551663366,0.15833520095936512
-0.6466690836927866,-0.7131192741572684,-0.2707027835493063
0.7937548808871578,-0.47465821110971446,-0.38033244891008144
-0.9443108133358167,0.06052019753540704,-0.32344148389982924
0.4300438161789262,0.044558784256665394,-0.9017077303161118
0.8447960405493212,-0.07560286840527436,0.5297205453454532
-0.8239650871753318,-0.17302728685638075,-0.5395767722199202
0.39149270103772843,0.790486225874203,0.4710254682470387
0.12479201624851129,-0.7248536772089129,-0.6775057928293665
0.9512159806642955,0.22010830536074288,0.21619549495788407
-0.1838137975802945,-0.8235148547583176,-0.5366896419826805
0.8250309611770773,-0.5161581589140001,0.230010147788609
0.32536459204592544,-0.5254183063087905,-0.7861764977652222
0.6597131813627544,-0.5563523404902756,-0.5052233086143453
-0.0753055518472291,0.9373747353424484,0.3400848120728991
0.6540568159131843,0.6429912209817941,0.39846200734555437
0.8507089404230554,0.5100936595430514,-0.12688087790624755
-0.27758015305665507,-0.6799623911485904,0.6786754785997026
-0.7016709569658781,0.4192578787183666,0.5760908776253658
-0.39589600693745297,0.08773460528257479,0.9140946289782534
0.8307105038666571,0.04782668573554789,0.5546464341336359
-0.7970984633974565,0.29108782483059353,0.5290575752078476
0.8317504701308657,0.010047027936378329,-0.5550587470410043
0.34738190178013784,-0.32280578377722874,0.8804102681566041
-0.028188943528165877,-0.9391722024520842,0.342287828594689
-0.17055612460033862,-0.20954049329164492,-0.962810152642985
-0.5786716024336367,0.5780026731927582,-0.5753712595523978
0.5225890976073148,0.5407037329649054,0.6591965626577468
-0.7850081915379538,-0.17629496522619265,-0.5938705451983678
-0.8222521922897211,-0.16547277020331902,0.5445365870132024
-0.6956395937121035,-0.6380545436625193,-0.33010900468129273
0.7604121502398647,-0.6449585539396583,-0.07616971489805029
-0.8756893895806865,0.46653499958340583,-0.12455194554689315
0.35477000684479165,0.8256678746126151,0.4386465582630661
-0.5644618425528442,-0.13218555315599784,0.8148066076307257
0.680942611956979,0.7050791933983056,-0.19794062306156812
-0.7927270387731293,-0.006026081835216687,-0.6095469861591484
-0.2834838146452225,0.5537300119731398,-0.7829559378882185
0.052139404503470314,0.7680909710143716,0.6382144958744067
-0.46429945355008495,-0.13744784461155107,-0.8749480598554016
0.16999763299725634,0.4509728550316308,0.8761987724254983
-0.956418384618856,0.1622975862298621,0.2427413583776334
-0.596678836232412,0.5778797048928835,-0.5568028493688302
-0.4020870277988661,0.7314371178530713,0.550750183570252
0.9374524376288929,-0.32133808913133083,0.13388338080983553
-0.6671558632641383,0.01812370024266151,-0.7446976471037066
-0.8933623903505187,-0.43128110871676717,-0.12609617270656379
-0.6259878208078016,-0.7784480014799776,-0.04645381784232838
-0.7932654756234037,0.34867263005552507,-0.4991565708614263
0.7091333421356001,-0.39987527442233073,0.5807147905618211
0.09971354998221914,0.6137813948030818,0.7831536294645686
0.6017024759245452,-0.34722126079618637,0.7192993302634021
0.46220133492834475,0.81200945390656,-0.35638542725092787
-0.37027035810971015,-0.6998119828221989,-0.6108707315003472
0.9562957915246321,-0.2609462459891952,0.13192958658475396
-0.6262595498335581,0.3152140304417123,-0.7130491506586066
-0.9000375495150518,0.04400823705400133,-0.43358469130533167
0.8726464067061133,-0.4407269442159321,0.21035210839208504
0.33634457040079796,-0.5219655496344131,-0.7838522149976662
-0.7588888451071885,-0.2339104954340978,0.6077611380284633
0.5276205972521569,-0.7617203369705281,-0.3760300966688468
-0.1484471207763507,0.9301498515909351,-0.33583434297071635
0.7305055543984403,-0.5850561717273981,-0.35223700957836424
0.09909620091623113,-0.3271052111380289,-0.9397776991450242
-0.24391105111551398,-0.834080159794633,0.4947905477883391
0.3775483096600778,-0.6484081143953928,0.6610780521685993
-0.5441728991470169,0.17707056425565088,0.8200743082843872
0.6105948075235785,-0.5743956500191189,-0.5452005303228876
-0.7178610886551633,0.6820073489501881,-0.13979067698798833
0.6745844405882605,-0.4104622783814378,0.6135605516508887
0.7142193801121064,0.5313219467652002,0.45561789468579517
0.07220712031101098,-0.9973871149775071,-0.002252699100215828
0.7369993467955659,0.630871098087511,0.24255642729222232
-0.7912354764919812,0.5985927178272128,0.12503271133882646
-0.6405779473848605,0.7294754691309684,0.23984460231648497
0.5179590926150645,0.8177990848696629,-0.25084464348221763
-0.707241135228029,0.6906275780236069,0.15114074604359892
0.23365016398818325,0.965263302437529,0.11693740990671277
0.30113574517503683,-0.42474776041091,0.85376027256121
-0.40183246212165785,-0.8450764300502112,0.3526705257869403
0.4301817321682621,-0.8955136705236373,-0.11401290810252986
0.761584608206421,-0.3398592725536263,0.5518011955427354
0.22794863645693622,0.25101304177663086,-0.940761325733295
-0.8818117278905633,-0.43452347086283166,0.1832960169342943
0.8380630551551851,0.46021713241784884,0.29300257100074967
0.37590763841199165,0.2840367498505365,0.8820524769637366
-0.9875809372430411,-0.009067518385858168,0.15684920307250141
-0.17668146137115856,-0.6309949664730963,0.7553999030271104
-0.5993613006282966,-0.37943503041214616,-0.7048369236960352
0.14861330385035945,0.35396871022650556,0.9233743759165427
-0.3268218716223962,0.39081889335209874,-0.8604929150366519
-0.9012611400358784,0.11905907554274844,-0.41659728034654137
-0.7716461777129678,-0.40793087501472786,-0.4880108376160156
0.6241873938999837,-0.34545766402830985,-0.7007489562321517
-0.6997925139337732,-0.7102826509770338,-0.07608543331865361
0.7616080528656471,-0.6192040235082318,-0.19115321363088503
0.8165359586830135,0.4719485200047694,-0.3324659721579335
0.4484092025510041,-0.5387992037581064,-0.713179223685886
0.8299949748161105,0.5253678272887667,-0.18734190089215155
0.35273568704879166,-0.38452971534583325,0.8530617991085226
-0.1522106662148148,0.4284204335201515,-0.8906670787858098
0.26921051239133453,0.5733904304680197,-0.7737888046913667
-0.5318186935370965,0.22184262088713946,-0.8172849740221712
-0.09166432390906265,-0.17818051231318885,0.9797190192877262
-0.6899493240539939,-0.7049839126165391,0.16421818775431868
-0.1407903243532022,-0.5551692077903769,0.819734856700583
-0.9660860587491598,0.24098067927967157,0.09276874098759322
-0.6248572874371238,-0.6568329440205396,-0.42204721772099196
-0.6990881915408306,-0.17894818535148876,0.6922811909965345
0.5005697880798099,0.47594484758914546,0.7231226654690609
-0.7317523599594635,-0.6810605249293581,-0.026363707567470116
0.8644065325846155,0.5025411041893135,0.015930631664421838
-0.7614680169899353,-0.6402793246640214,0.10103883168960454
0.8234655279462464,0.4823702381872557,-0.2987029922772451
0.6906713622768164,0.3943752245275219,-0.6061693258566895
0.7722256211594926,0.5608407884196362,0.2985384398526874
-0.9705633905888313,0.20465358801904712,0.1269787925586064
0.626966063837761,-0.23430635272833378,-0.7429765055955201
-0.30503656235139426,-0.6496657014091514,0.6963384033940678
-0.18296645761622693,0.3946476462370034,-0.9004312914970038
0.9553821405812466,0.22643284022234225,0.18966584913272663
0.6467744625595658,-0.689854150968099,0.3252445925344006
0.6677058239441382,0.7212297090648224,0.18438177630490202
-0.2636143954212676,-0.8632402313073768,-0.4304924547295414
0.05035856139040854,-0.9985693712618404,0.017978489158470185
0.28495601862478204,-0.392192132407879,-0.8746344371946909
0.2735564041571573,0.8568033137151835,-0.43709835889795673
-0.621580372783543,0.22857263289954502,0.7492612305862633
-0.485703809247667,0.5908434332876453,-0.6442017129930453
0.3780547419815266,0.7165948699196547,0.5861453782724168
-0.05777283287826842,0.9437996306569247,0.3254298034186055
-0.5322978294623619,0.8454438369125987,-0.04340206649643994
-0.6029776757097877,-0.7532886331169719,-0.2626293163612666
0.5059310144800285,-0.7416208705907428,-0.4404909680021125
-0.029978700748141542,0.8352686645408727,-0.5490241666243487
0.4007668254675459,0.5226128231975476,0.7525036801465853
-0.02045675165999264,-0.7066594186355719,0.7072580769175825
0.1918828614189753,0.9378753776458663,0.28908604860714027
0.6351257805971721,0.6009152970308734,0.485299957361558
0.528381602271539,0.5114170495692036,-0.6776912894459336
-0.05139464140083124,0.95133366835262,0.30384674145698376
-0.2517590269374634,-0.0726341029720124,0.9650604537752817
0.6507568729335698,0.7427769532769245,0.15747345811396699
0.5823311153906879,-0.8125977739606837,-0.023986033477395228
-0.42540474648441157,-0.7939005550499233,0.4344567991871656
-0.966651634462835,0.1249451974119671,0.22354712083588585
-0.596967903716212,-0.28841458355966276,-0.7486296480388536
-0.28855199351218896,0.8564750768767722,-0.42800489451531837
-0.08615719621210366,-0.4231186929265341,0.9019686852862523
0.7201627857724683,0.4852946024777164,0.4958373834176214
-0.32568478957619706,-0.6287898841059998,-0.7060826435231725
0.7570697571877066,0.06334923608290122,0.6502555321098465
-0.5443651893925904,0.3887933243417896,0.7433076694914624
0.3619738553840223,-0.8738210286385317,0.32467173872624816
0.3138455637218749,0.49356955055286905,0.8111042232038602
-0.2667012559137554,-0.28047837896929145,-0.922064162097619
0.20949242700462042,-0.9540802208435191,0.21411178207398063
-0.5617709519961201,-0.7733618538368909,0.29381089245182906
0.4030661251515086,-0.45032498970914026,-0.7967089194924398
-0.8840822206417168,-0.33368985983039934,0.3271845115398643
-0.8277608305200648,-0.5511779228221133,0.10495191684877841
-0.5965641125239061,-0.3378391324452132,0.7279944919003369
-0.9933178982668273,-0.03859604389393523,0.10876533629107286
0.5885180504101603,0.4160229741483591,-0.6932325651050861
0.9510743587069959,-0.13896545242583166,0.27594594985641735
-0.716035232428186,0.26527578173223426,0.6456952110306113
0.9977278037077244,-0.027614370724977133,-0.06145466815485962
-0.680398417643697,0.6524564808274574,-0.3337042611268288
0.6422349082140487,0.0001432070785250273,-0.7665078617750931
0.7849031373076333,-0.07836776084539387,-0.6146426271458185
-0.039753598552430096,-0.7093739779685788,0.7037103173772333
0.6944767363286682,0.3912012289743333,-0.6038738785104492
0.10061221808224119,0.8351357269343974,0.5407638108918968
-0.8797749298204475,-0.004220818556326093,0.47537170461665185
-0.6535323421406148,-0.7449165134676443,0.13414494302585978
0.8271249549947538,0.1951979204722317,0.5270313848987012
0.9487608465337554,-0.2466140993400894,0.19757110641798897
0.5397164556218492,-0.6970289132869356,-0.4720771563770293
0.6695224131579529,-0.6117933322846775,0.42124655114453047
-0.6597817662886117,0.7362442655602982,-0.15044069363924462
0.6319168255021821,0.5528267166091437,-0.543197705306639
0.6713489612395035,-0.37303588465013515,0.6404176769936404
0.7585545208660927,0.6113617229837046,0.2254592702552029
0.5061844223779463,0.4155595293518925,0.7557033863274257
-0.5783355718936336,0.35040967734114487,-0.7367095929252846
0.2995132007279754,0.8486284168817907,0.4360294171846539
0.5698815663050775,-0.4695802843015381,0.6743362343675136
-0.6097477408573913,0.7678665212541943,0.19644006224874194
0.7427817616780881,-0.662119572031527,-0.09936260288047867
-0.1951771431348849,-0.839344773624596,0.5073521792470989
-0.3255439453900727,-0.6402767096735501,0.6957491463663307
0.8212543583587598,-0.5670902972374787,0.06284802030175266
-0.7026046973345316,0.20140862889864897,-0.6824816506607466
0.5380342259366544,0.29954065242615036,0.7879051778385906
0.5693531651338699,0.7897113951934609,0.22845762332135386
0.39994149077404256,-0.877227536789527,0.2655534836066278
-0.40511766880764705,0.6169338345139473,0.6747387036859341
-0.7888564471463264,-0.3973169365077543,0.4688760579937604
0.5152051715691395,0.7485010862477783,0.4175041976726814
-0.45883904225379535,0.5476039735534283,-0.6997118131431798
-0.10898731335270609,0.9587551582555762,-0.26250773711737346
-0.14284449327812254,-0.4562180975903484,-0.8783282405633783
-0.6579494494911958,-0.11613233636924254,-0.7440536286879147
-0.16685346137487378,0.8778124603457885,-0.44900468470707183
-0.33602066975296685,0.4302741235284623,0.8378271230513972
-0.7473756641492534,-0.3275718760038114,-0.5780365755631784
-0.6672763105012625,0.743762686181545,-0.039489138859126215
0.5437664694941767,0.7152644715237343,0.438992895648337
-0.2332750226676157,0.9685364641469077,-0.08671724982510161
-0.7145572516516783,-0.5359531616886067,-0.4496244461636692
-0.42967659050430856,0.1454247763892417,-0.891195636201576
-0.6135184450115869,0.7576171247366477,0.22273618910347542
-0.17217461573707035,-0.8911251574344328,-0.4198236004362423
0.3790438309209656,-0.13000552003899937,0.9162010363452706
0.34270260910592204,-0.9192228507987977,-0.19386663529685774
-0.021122432400081315,-0.8750452456797045,0.4835800459725872
0.5442830022092998,-0.0431643221871687,-0.8377904599577114
-0.24558780463229687,0.8295101641654554,0.5015969674570291
0.5035034005030511,-0.43335717768405774,-0.7474529297765662
0.2049286062464445,-0.9449801646220565,-0.25498383245366935
0.7827315669914113,0.03768366369622319,0.621217542834714
0.6706906579601981,0.5672094150321749,0.4779618403426935
0.06199143322822207,-0.16356446436634023,-0.9845830225038735
0.7682817071451927,-0.6287773340953501,-0.11992615475371857
-0.721151134142116,0.6121951562381123,0.3242809467177082
0.6737564435612265,-0.16500579067989798,-0.7202953170761486
0.37717637157228584,-0.8718611391612039,-0.3124038071920583
0.5500265560752864,-0.009343238059114125,-0.8350948997057343
0.8681490380203736,-0.4135251932703807,-0.27443425863946797
0.506652407876265,-0.055963170922886565,-0.8603321806682804
0.7890934569567934,-0.14664562911927417,-0.5965120079664695
0.6647668589829014,-0.4089154443288413,0.6251985145434638
0.17565187718226313,0.10708743880420991,0.9786105959434027
0.22582275459034234,0.9150757599060027,0.33412637899705255
0.7729477583791934,0.34934031652648384,0.5296348799557637
0.5726510721654636,-0.6239178032939403,-0.5317869162367658
-0.4975633217659826,-0.7853324985380925,0.3683525587981141
0.6172341276000625,0.6645166083818037,-0.4212359302226416
-0.715943683800385,0.5715750012773885,0.4009072954450789
0.4792951893384951,-0.6810659828292245,0.5535569062976621
-0.6437431042527685,0.7216341094535681,0.2546350875275537
0.09020465699191585,0.18606139803740493,-0.9783886119622086
0.49967566080307424,-0.7947152470909287,-0.34460399017163934
0.1634896878194022,-0.9858533694522138,0.03693583512567439
0.3958915898298944,-0.8020012324159164,-0.44728500120763054
0.6234344081313514,0.3195848938788411,0.7135790316162333
-0.7752136949306816,-0.33001705558256933,0.5386394621790456
0.44883425237323404,0.8142743418902852,-0.3681101873565886
0.4262105795019938,-0.022677922055973014,-0.9043396783132972
0.5651465692378012,-0.691439863063696,-0.45002252281991445
-0.6126575074720318,-0.3673406871604971,0.6997939683182552
0.22211350534568455,-0.6046654358067093,-0.7648825409719683
0.370474673597244,0.7887911601230081,-0.4904661272043302
-0.06928930930572798,-0.5834116950774044,-0.8092155372104796
0.8490320173092292,0.48285906339166873,-0.21445689190217518
-0.2133253519693272,-0.9103086953084903,0.35472577218594753
0.620693808625679,-0.10425791286090565,0.7770903959898338
-0.24487899696130097,-0.6336796757149992,0.7338149258722944
-0.616995857722922,-0.780311664601179,0.10212647864335966
0.4001048728720267,-0.37295372597720733,-0.8371508878235616
-0.5529198294607286,0.29212037476801594,0.7803495042828649
-0.2095716397943598,0.7045305957972272,-0.6780238693287333
-0.4370363161269784,0.6541581553678489,0.617313831168469
-0.04101314773947128,-0.45987370310493275,0.8870366953542882
0.26741111286722197,-0.06943939843647191,0.9610772428165673
-0.685076522754745,0.22336315355829583,0.6933823329179655
0.392670989228962,0.5290694631911894,0.7522599267118615
0.995932072038696,0.08929389752484268,-0.01207922801889493
0.6644070255378095,0.49916825713682844,-0.55623228554533
-0.5682371780045249,-0.7967030194979194,-0.20584170679517705
-0.7798104338841805,-0.4972520665587946,0.3803104909259989
0.5579887772177614,-0.5836827587735096,-0.5898838543387777
0.5108700012523402,0.323439901628243,-0.7964913507723398
0.3896085342257656,-0.0951455559964212,-0.916052680380655
-0.7224381204019585,0.661639675364404,0.20078870031396498
-0.7571476110722627,-0.0015612162939192937,0.6532419594998847
-0.4421818926063609,0.0607444947535429,-0.8948660683075392
-0.5103398857796959,-0.17586889663091432,-0.8417976788873867
0.7310536456404179,-0.49360098646031214,0.4710824061257873
-0.44362919243705284,0.6631399610627594,0.6028586332294912
0.6469152847200115,0.40682060154012567,0.6449787690755077
0.5286238277633362,-0.5611539539849295,-0.6369168616451587
0.16216751098295376,-0.21300649255368534,0.9634987973586528
-0.3088686637186985,0.7407437869881967,-0.596572535917478
-0.8730509484079995,0.04568094589269502,-0.485484595704376
-0.04604988137462937,0.6350954595906564,0.7710597678732275
-0.7062365430067213,0.6930110076680893,0.14479533339432954
-0.6597787919131434,-0.7405452987825624,-0.12761115230526915
-0.32942377789482663,-0.7440717140422395,-0.5812376957147081
0.3030038933962877,0.9332845253085329,0.19279168915261258
0.3669026916065748,-0.8018997702693526,0.47152854986077986
0.6651301891643883,-0.014245870911707963,-0.7465915125583146
0.6307334759348681,-0.09308459025718664,-0.7703963534387808
-0.9064732327887374,0.18721236896866178,-0.3784941309223657
-0.6914265406800565,-0.028340476410842363,0.7218906816409371
-0.6789633274886405,-0.24966652155611652,0.690416850851442
-0.859747702929736,-0.06526318210235603,-0.506531938152884
0.12657289495665625,-0.391344029003185,-0.9114983012742512
0.48640705405414103,-0.6782892239713996,-0.550755759307743
-0.19416594191261577,0.6014133057830054,-0.774984917677979
0.8051862276501327,0.1253859108936126,0.579614968881867
0.5275189771321083,-0.8024365699518853,-0.2789610724982022
-0.497100169020841,-0.23044792049955132,-0.8365316359211312
0.3226860945238404,-0.46927907695872145,0.8219798247704877
-0.9817269505368644,-0.04748571824302388,0.18427506926476261
0.9076434721338923,0.32896187169691804,-0.2607056088050138
-0.9465790947260073,0.2718911828458394,0.17338743356536165
0.14870810163215037,0.1635122740102358,0.9752690073805091
-0.9067909633238329,-0.42043281149823275,-0.031086972350595765
-0.4152650533008257,0.8657404660494274,0.27937140324589854
-0.9859615567755452,-0.1667425782250257,-0.008759062028236324
0.36294006909005483,0.44768401410354963,0.8172230599812018
0.7895322491987229,-0.3032896439395381,-0.5335299610652
-0.5669155070996702,-0.5899701618905683,-0.574927835374789
-0.36983314259470196,-0.8747093236954256,0.3132204426259853
-0.08646748570674581,0.9278808800649863,-0.3627126222305757
-0.1444938604087268,-0.9769968822018263,0.15683946082569333
-0.06701678244194338,0.9533407923396304,-0.29436386417557214
0.2451373740698928,-0.16878228198696094,-0.9546833030494414
-0.8957968678145004,0.2970381550542225,0.33063016507226645
0.7045849322893737,-0.048507544575744146,0.7079598091064288
-0.48149394206374563,0.29651173086881,-0.8247692872634728
-0.7386495884829682,0.6353871554904129,0.22512207371056125
-0.17855586515436428,-0.6132635807037675,-0.7694319876385243
-0.0632813597181913,0.9921089894182473,-0.10823688201219023
0.8257424545493293,-0.19225578851065064,0.5302707898225176
-0.8444966517444963,-0.13460421841222947,-0.5183696649862605
-0.634468787124974,-0.19768466493118,-0.7472416820649204
-0.7559457664799344,-0.18653434714649192,-0.6274957653049911
-0.6916623084311769,-0.7155215707468943,0.09814343020066325
-0.49655146535666395,-0.5223568278102393,0.6932387660050279
0.7857189851196368,0.6096293638317853,-0.10486999178325865
-0.39787985269098747,-0.6472550688713331,-0.6501942007146513
-0.038241265324576876,-0.42044009915798797,0.9065140531985131
0.5067962738969837,-0.7472224479719206,-0.4299024889564886
0.16809244370973697,-0.40714432989540056,-0.8977630116025688
-0.8305977200474637,-0.08353344481488992,-0.5505720579990533
0.4945831120074607,-0.06565281097778766,-0.8666471333407447
-0.05809936700756466,-0.99822324580501,0.013221765685073892
0.49921188395060173,0.5695868596177043,-0.652961181291302
-0.6718385127421862,-0.4257555881071301,-0.6061065846795585
0.6819616340664237,0.16345643123368375,0.7128887183493657
0.8819943606694259,0.42895930483156863,-0.19514062248990646
0.7162307400156215,-0.2554253035478627,0.6494393284704565
-0.9435681262010217,0.32393284985589216,0.06889629889720317
-0.5861395021617011,0.5321672800849916,-0.6109324594524139
0.7209036650068665,0.4514634941165142,-0.525812342247475
-0.2801225697941483,-0.6742373389592842,-0.6833266836916483
0.2983560752802611,0.8622933911579995,0.40918670543970065
0.5975831363034774,-0.5690775195971857,-0.5648408376656334
-0.14169591318249863,0.7215521829329713,-0.6777054784285294
0.8216940201516418,0.565482019830634,-0.07105647398583599
-0.5429532507736643,-0.29440125603141815,0.7864665713947628
0.7152184757942704,0.6555147315322781,-0.24241074362883747
0.47661240511376163,-0.34212742696163007,0.8098082729957075
-0.7307674506297861,0.03443493835526043,0.6817574114892426
-0.04317280210132496,0.8708154872485703,0.48971062509073165
-0.1909266121636127,0.7852276550192515,-0.5890369755462663
0.5764241938497913,0.3621305429900829,0.7325275548252953
-0.39063397530007865,-0.6379979323419688,0.6635990775073682
0.846469321820929,0.45721023728192034,-0.27285249887187457
0.7935762531433808,-0.5405670905769278,-0.27932767681006543
-0.4246756093904842,-0.3264205245276814,-0.8444526439984034
-0.6719572671073636,-0.3182158523446483,0.6687391886962901
-0.8334140013870275,0.34289939178136825,-0.43340640213087683
0.2264547793345208,0.5649660411668584,-0.7934302774943751
0.7072794204170008,-0.38556173076948413,-0.5925352084227832
0.26899757897512705,0.24645607633338154,0.9310744894711028
0.6620495653746213,-0.14171446922755826,-0.7359397952270461
-0.7813874571058139,-0.6240457543034352,-0.0007337666975109882
-0.18289647834286435,-0.2645857938747727,-0.9468596706426113
-0.3104832719982839,0.8958140745064187,-0.31798943649978084
0.4529496567146867,-0.6853649667699511,-0.5701854705325903
0.7907169415581536,-0.6012059271657767,-0.11540429573312405
-0.14305066177049058,-0.41476257007069645,0.8986147776635857
-0.658490852235231,0.7423507265174926,0.123714172031624
0.5642616114411481,-0.7968461913861085,-0.2159744918440429
0.8299103732713579,0.19599782892291887,-0.5223347809538416
-0.18751405946656807,0.89822027953819,-0.397540950002266
0.6995803396279768,-0.7072648646907549,-0.10180255193251629
0.036653709700734595,-0.7680385094390452,0.6393538563141885
0.2573444433843675,0.9663095319317745,0.0044413913343600425
-0.1238570985331715,-0.9740383560946033,-0.18949591024469875
-0.6120596101999833,-0.7279506805788063,-0.3089835597676629
0.7608676857871406,-0.5759371770374682,-0.29895941669570014
-0.1877468623182769,0.5944433321688146,-0.7819131924514884
-0.6858363477086771,0.2956976823235827,0.6649747249558318
0.06492355897319776,-0.9959342493354887,-0.06244919928077731
-0.931797525931465,-0.3614476379153659,0.0333012869631714
0.15132669350809244,-0.731156465722891,-0.6652145927920694
0.18562906179008962,0.1630935156758852,-0.9689903800159271
-0.8111477069662185,-0.32758632248494374,-0.48448591187385015
-0.5988187931478002,-0.5183505471694969,0.6105151621557773
-0.06794928522567968,-0.16241603115851805,0.9843799710782593
-0.06966915090539215,-0.6673591207177808,-0.741470170274511
0.8962688314205676,0.3212793946996571,0.3057478247926421
0.49954558090064904,-0.6040931226363995,-0.6209071684125068
-0.19833156549918682,0.06795606203935114,0.9777763362644576
-0.6131143401402658,-0.4789498658247104,0.6282498165068242
-0.575908411570026,0.49550228371749605,-0.6502361019765326
0.4141613320378351,-0.31317310294054423,0.8546303286446353
-0.16768235954451052,-0.9806819775802613,0.10072479906583813
0.07575957513786047,-0.9554309681391127,0.2853281477451687
0.6451255972719486,0.7630661421959967,-0.039281374449354416
0.6184429160903391,-0.5561671786631496,0.5551634254123284
0.25164484421049066,0.35514960789998,-0.9003019651154651
-0.669080917357976,0.7420531628673656,0.041083202235809906
0.14610680800723852,0.9829924592218043,0.11125927272369364
0.5948436006767811,-0.7447390652113535,-0.30253068519077825
-0.7565580647179317,-0.5785068969760441,-0.3048764747588873
-0.08611826342342731,0.7878178034575647,-0.6098579779425952
-0.5195203923837198,0.6483558568487426,0.5565368314742508
0.4937602024204525,-0.6076419906902245,0.6220707947297759
-0.533856536706122,0.6014888686445952,0.5943133341199657
-0.47364628669658904,0.8305350239735101,0.29303714619797533
0.032251277868005634,0.9740462739823401,-0.2240395304784417
-0.9520347723581549,0.16345436630808488,0.2586744331312599
-0.32781088807236475,-0.9426285728370186,-0.0631774907103255
0.685767837947734,0.3559601863432543,-0.6348344809278761
0.4390113401760961,0.6634341387460756,-0.6059077378141337
-0.03472520841671123,-0.8127717360850216,-0.5815464426180906
0.24513394712575595,0.9506393121815631,0.19024785439397657
-0.9635602944252409,-0.220264956101777,0.15177255391086128
0.8203935288856593,-0.18015689676979127,0.5426766535505407
0.6815738270503122,0.05863104098255262,0.7293966817262696
0.2803117510375387,0.020328168489700132,-0.9596937468776814
0.8968583346578508,-0.27563280540942475,-0.3459359538077483
-0.38525622405795396,0.6912173720434243,-0.61138873592011
0.6910048521248794,-0.7037038523810716,0.16526700361509766
-0.49985748628413623,-0.3804615505375195,0.7780690856012022
0.5112604184518104,-0.41624535223169357,-0.7518993225625311
0.2568525004338087,-0.7421991887551411,0.6190049735116114
-0.9247516743682369,0.3785746186669219,-0.038930692959886125
-0.6806230320857056,-0.24895713458706542,-0.6890374687436513
0.7869384080658679,0.2984963376694742,-0.5400258126318304
-0.7148128188281807,0.38377771892650964,-0.5846001167417566
0.7673975145122628,0.15471019498045627,-0.6222264943648017
-0.7348176271658584,0.2839270023409357,-0.6159776880277628
-0.7005219652069091,-0.3032880739311307,-0.6459762538002424
-0.5715000869073217,-0.8073392845998212,-0.14693852526404697
0.4411562274775488,0.8936263931541821,0.08254121646804366
-0.18960211099533997,-0.817493825108044,0.5438335089127273
0.8074861361608207,0.5193894298994043,-0.27964398798622553
0.40469958170017567,-0.7844156441414736,-0.47001100603902873
0.8566131092030127,0.44140779560540566,0.26715751743180294
0.5617642522198995,0.8152410199012395,0.1407231480539151
0.7094838336132817,0.49887835425803184,0.49774800601730085
-0.23872489718645185,-0.6067233292596333,0.758219773677411
0.38151347480773434,-0.9203547687104543,0.08599167548114393
-0.5159233641244433,0.5378153659498932,0.6667666117155985
0.2573968330218708,0.6973145293471832,-0.6689538978970282
0.34903486703961156,0.5018339183553466,0.7914147964113128
0.23783139875253576,-0.6366079154623149,0.7335983831348993
0.363171176444346,-0.7692977694726345,0.5256307054239308
-0.454230702388163,0.6111965519626383,0.6481614335001258
-0.48858232680204267,-0.8445106217307747,-0.2192923156898166
0.5373822686835261,0.8397530378234553,0.07768611697610435
0.6102741620863759,-0.09398183323344453,-0.7865957424953766
-0.499479859384455,-0.6371631206172325,0.5869778767505596
0.7411009352073699,0.5598881167422954,-0.3705329952453998
0.44939993268161493,-0.8132465997260001,0.36968861023820976
-0.6271762537021123,0.5354903791787761,0.5655970302248364
-0.6508427203357012,0.712301936361235,-0.26273504684769294
0.6614847517493136,0.7348218853943326,0.1499157094792508
-0.8242114389961966,-0.5166685600906342,-0.23179539003545624
-0.5452281333828681,-0.7823432114883638,-0.3011069278610284
0.6325618706841684,0.1047938767559393,-0.7673875964276504
0.88833002389081,-0.3650562498208395,-0.27857441217904066
0.6048121530772743,0.7644777085324873,0.22310556390854333
0.676310109396085,0.07389198708247306,-0.7329015010038246
-0.8168749462911634,-0.5651711140015804,-0.11531233247151655
-0.5759605082332244,-0.5778389603992887,0.5782487603102968
0.10829295028357651,0.9064482785792501,-0.40819622141758327
0.37406656379332764,0.31314816444059457,0.8729332351098443
-0.5779009631336789,-0.5810689176764463,-0.5730526936674231
-0.7184575589762658,-0.5864116691160495,-0.374085672372512
-0.8178212301524782,0.5554379688460438,-0.15052275002825533
-0.7463209772392225,0.22176571581028162,0.62755475157459
-0.13525293159185833,0.9712980334879825,0.19567006576936177
0.2153914406315844,0.14706131994631336,0.9653908511469841
-0.5158588392612758,0.096903886121538,-0.8511752433021964
0.3471133555929531,-0.707332070119602,-0.6157870256422415
-0.6245959842544487,-0.3071759609149641,0.7179991542398813
0.7358981196221025,0.5187667470520454,0.43512644103719206
0.3211176365835557,-0.9001428168705923,0.2943235850407966
-0.1895969866914789,-0.7457519575267474,-0.6386759745618551
-0.9348804977471457,0.16080365565172566,-0.31645005808356286
-0.7023997928445845,-0.6984723494238462,0.13700696369972262
0.16640201804705712,-0.18278339091148574,-0.9689688335528476
-0.810475183344278,-0.5187803372570124,0.27202378362665125
-0.8729704152627455,0.3531678901563048,0.3364447880983353
-0.7872135472005621,-0.14127816783590053,0.600279360295554
0.6837632310481102,0.5460965437428228,-0.4839900916122063
0.27678769796973113,0.656151288594913,-0.7020356520347468
0.9098291060859729,0.13641489844237006,0.3919208762004868
0.7482018202041832,-0.023810340351243662,-0.663043817507942
0.8311234842050998,-0.44619271446379105,0.3318822314650316
0.34332064151891245,-0.6961719537726054,0.6304566185610837
-0.6902942010864058,-0.66603716123918,-0.282645388773522
0.6292887820575008,-0.131000218802057,-0.7660512851307023
0.6650102184312852,-0.51972465715852,-0.5363279688058729
0.21730331890923163,0.7075273566883612,-0.6724465087489213
0.5260568928842411,-0.8504402304480416,0.003944601939373001
0.8410537959123875,0.4766551287214142,-0.25578975867875553
-0.6367291878780154,0.3232268754469093,0.7000716593985442
-0.5368252935240021,-0.5788755318181995,0.6137766066697766
0.13501759535581143,-0.3720139337676469,-0.9183549869342765
-0.44069650926740495,0.7195467395272953,0.5366927206094402
-0.8259328936035147,0.5615876492739708,-0.049539554364777645
-0.7523024346444287,-0.22312451222975618,-0.6198842624799396
-0.9869169431602364,0.06726718611658618,-0.1465266971415493
-0.7428511928317756,-0.6029977255157986,-0.2908020775908965
0.7610753294351774,0.4317146881300229,-0.48413507513702553
-0.6479299393239253,0.7195333939604592,-0.24991696361679183
-0.7878861466443131,0.2723958179209293,0.5523005869136515
-0.3964648377599991,0.6540336917311387,-0.6442480597568574
-0.10879009643688063,-0.9403149978946522,-0.32244754558165617
0.14013860326623942,-0.7385197806178541,-0.6595071686575851
0.23593629008517383,0.9250188017581857,0.29778227518557077
-0.35103615401936966,-0.909588288802623,-0.2223123106002132
-0.2764499281747017,-0.13207366571167056,-0.9519096511947361
0.6876865362084695,-0.30531300374737097,0.658688999194882
-0.4284668286544569,-0.2958738196267497,-0.8537416820105892
0.020624086793248536,-0.4207335783085777,-0.9069497798266476
0.018421970426960903,-0.4712906864063937,0.8817855294300189
0.7242066734938644,-0.6853210965431299,-0.07654860351354256
0.06549652361773413,0.9465633367578443,0.3157974903317748
-0.6127840233905091,0.7141314865221475,0.3383961593088902
-0.5341136474660335,0.011543013967286735,0.8453338810310874
-0.39831951644021324,0.8512417896835068,-0.3416562282752284
0.6621026712286432,-0.746303082395404,-0.06820382657163855
0.13822262948491484,0.7167424486327079,-0.6835018412749643
-0.03475473805558864,0.968256180619338,-0.24753197142013628
0.45565137994487376,0.537277472989897,0.7097286361504112
0.9589930710445528,0.005084934074869815,-0.283383897097191
0.6187756851707974,-0.26072793850085124,0.7410381862809139
0.45753507451348163,-0.4513312221543693,0.7661343116572876
0.682534106851249,-0.6482961689299079,-0.3374303933192328
-0.6642621434861109,0.7467785083693614,-0.0328277956748379
0.21666657318959712,-0.9021380550623479,-0.37309854686208765
0.534734811668362,-0.4252598557724736,-0.7302141714992776
-0.7661672601137144,0.6132252516743634,0.19220437101886517
0.8061658604800265,0.0010483901764924267,-0.5916886903385395
-0.8121121323969656,-0.12567383121442183,0.5698069607871973
-0.36251251257985057,-0.6700625785990354,-0.647766021788929
0.9530595471288494,0.01957206398735797,-0.3021496879657951
-0.49322356126316214,0.8086379534396398,0.3206792460884155
-0.08616772145182405,0.31091212926755735,-0.94652457530384
0.8927845493044542,0.0376335965435325,0.4489091900757228
-0.7195230836582142,0.3477510009070822,-0.6011287494797574
-0.6750918035077706,-0.6909890117725054,0.25842840874463113
-0.7891478941123388,-0.0971513300561406,0.6064711207356734
-0.08884015535685062,-0.8304653763633932,-0.5499406199379877
-0.7429798884170459,-0.6691050933846304,0.01671105665537232
-0.814873322041975,0.5241741944432684,-0.24743258254325862
0.6713155887608534,-0.5565478237704167,-0.48947921318793725
-0.6737800940511407,-0.0712502970953041,0.7354888034662845
-0.11881330491259598,-0.50701793371712,-0.853707334784567
-0.8297622804293434,-0.19169677854768544,0.5241630500818761
-0.47684623078851185,-0.8684682288712343,0.13557509957234257
0.5208389465000605,-0.6486907536719937,-0.5549117929087182
0.32870042551842693,0.9344935789712799,-0.13666667891425904
0.6712422208859312,0.4362861500924849,0.599239748462667
-0.27814012942178357,-0.7599384787108528,-0.5874790013097216
-0.563948255763466,-0.5519959948008235,0.6142172144650404
0.5042512234323652,0.6357740769795956,0.584398859262838
0.10251997209372256,-0.8839131469291899,0.45627535985152495
0.8954429913307801,-0.43183165355370323,0.10818166325980898
-0.38036288150639513,-0.7852850773351733,0.48851962671610555
0.570494984406632,-0.651789155766737,0.4997062829220391
0.5648632949074046,0.06083218521064533,-0.8229391856685694
0.9269034546263478,0.15143613525269253,-0.343390568800994
-0.7946952615334586,-0.6001709818339361,0.09085281426987755
-0.6544154579215883,-0.7376803731919437,-0.1660363678254635
-0.5414185393681269,0.7369861549948995,0.40462003481577374
0.8762748823783613,0.009000722423431754,0.4817274307205742
0.580411482625091,0.5405776383719965,0.6090142262124086
0.7497022372254366,0.2362152606802033,-0.6181819361004968
0.7855571569350678,0.3293278808929345,0.5238731717263854
0.7368787854385549,0.638520469700339,-0.22203888250542622
0.2369810201183509,0.6610489386634071,0.7119370033898006
0.1983765422103191,-0.900657008440952,0.3866053551709708
-0.443812985432009,-0.6422330260440127,0.6249534176402893
0.6012954985292203,-0.7755684125323151,-0.19219094913809304
0.7200222453828503,0.6921846721515517,-0.04948076184020804
0.8227917131181008,0.011781769680734229,0.5682208960671641
-0.6637022609685964,-0.6602196739898634,0.3515811298433006
0.7982142427865643,-0.2893832865327022,0.5283098864191395
-0.1985909725191164,-0.7289212047693454,-0.6551606695090278
0.9046734524020684,0.37791193070287166,-0.19684643037492522
-0.42056417054231104,-0.6740306086968223,0.607296070295082
-0.7330385952857472,-0.6128899134292672,0.29499215555360736
0.23353999714980853,-0.6936315051863129,0.6814208719611083
0.3636645496956843,-0.17918091166392042,0.9141347254042598
-0.5360108320142822,-0.5239188089742307,0.661967876536604
0.5624892446882354,0.49904736532510025,-0.6592098124058339
0.6718768272505683,0.32958729933943476,0.6632900882101643
0.7237944406493517,0.6534714903951326,0.22157756864325465
0.8909960330315837,0.427698400516222,0.1523159457110321
-0.0960075205955068,-0.9859823268299021,0.13646027688743623
0.6109934247246073,-0.7570852034533647,-0.23132018860288223
0.5918761235050903,0.7984334616235164,-0.1103932143950706
-0.2707609647427882,-0.9613274967013627,0.05037801164641194
0.487709594505981,-0.5875125148628783,0.6457309008451646
0.013579760651134724,0.8548155428783494,0.5187542556492917
0.6569617647457626,-0.6189705820371285,-0.43043775186982786
-0.47648869753543344,-0.638158204529721,0.6047417854856642
-0.5619452671384486,0.7542218945430335,0.339656960082691
0.4763441489653878,0.6704985978883576,0.5687951142337518
0.32352712246065424,-0.5987686115627622,-0.7326706974074579
-0.917356195030282,0.20349954075030066,0.3421192019661858
0.7793372275834226,-0.5898528149095472,0.2114406357488267
0.21673869453550143,0.6169708093007336,-0.7565522842222105
0.772513590229786,0.3460974811193207,0.5323901637644592
-0.24452576401949663,0.9496368884796623,-0.19595134796511868
0.6776163648318089,0.11899453101833353,-0.7257247161974378
0.49726361961121657,-0.7113941867131885,-0.4966358864619351
0.3411259823134811,0.6971702025603361,-0.6305448222391826
-0.8335695646100464,0.5017017300168373,-0.23120803414658894
0.2279659328418823,0.9356793002307312,0.26932467503602375
0.36928182795378345,0.5173003083418128,-0.7720306487002816
0.4322281875571156,0.5667234024772209,-0.7014295253022451
0.33707202952318727,-0.7123638811647771,0.6155649013101502
0.7254808963096747,0.3611879499505882,0.5858504364598549
-0.21952037921662493,-0.854375819311722,-0.47101248654787564
0.8289518401842252,-0.5308270313565937,0.17624275711737178
0.6299143804608911,-0.7081138622611306,-0.31903390315481567
-0.5575507093344392,-0.5623436011619949,0.6106610195131362
-0.5957797324303054,-0.6084921762436517,-0.5241982276539462
-0.16243097972364076,-0.16460374280408085,0.9728935114805248
0.8062069816400216,-0.5293111867511887,-0.26431036743747716
0.924176501263428,-0.34639623771171807,0.16095788583246262
-0.5662812916892104,0.4860729923283688,0.6656264303734827
0.19307219114803428,0.7837273085888373,-0.5903343415196123
-0.49815344869417394,-0.7521088729352436,0.4314804570385297
0.15802255428140563,0.6665554325895153,-0.7285140545135586
-0.7019744335182497,0.2970167010701471,-0.6473121148040868
0.8882412074716783,0.05348771575581422,-0.4562528044982083
0.8636304399475603,0.14460952082063186,0.4829394886360097
-0.5951284204681078,-0.3843247735682733,0.7057737821517818
0.8244711984149091,-0.15898666806721284,0.5431118506911533
0.26561042876560903,-0.6848908664814388,-0.6785098386473504
0.48188147313662255,-0.24692624223976792,-0.8407244951475042
0.6140675787788972,-0.28510588864427594,0.7359589940703086
0.0755739180570167,-0.9436976399586355,-0.3220610924126244
-0.41658345317292983,0.801668889251004,0.4287017827693031
0.537438648665903,-0.4119220590427301,0.7358531892940097
0.2939704301846964,-0.7568550187795952,0.5837395538467159
-0.42403244855434,0.34481188542669655,0.837437308842577
-0.3788731360532046,-0.8968664828184393,-0.22822282702239075
-0.19217637512253422,0.845088554309744,0.4988923493294218
-0.726908708671496,0.5675344291384734,-0.3866631621967697
0.2754560252567369,-0.9561247904610292,0.09974649475351494
-0.8871037648801033,0.40855417598913424,0.21477987712396568
-0.5040363203686701,-0.8056009051470033,0.31137528703405526
-0.32892643156268797,-0.8850265781983221,-0.32944704961800075
0.9737640749420002,0.1834553550985197,0.13463899523550588
0.0546519478744738,0.012223375082313049,-0.998430645410648
0.39665972725313453,-0.8375074425387383,-0.3758222245526344
0.8124732904359642,-0.30569331069963934,0.496425978491911
0.4166358837769811,-0.7181413679574089,-0.5573935019155097
0.49190365335140596,-0.7242171573302149,-0.48326007992392933
-0.7049994004906982,-0.449468014464392,-0.5485930634643436
0.6508238390950609,-0.408222853048253,-0.640142509691952
0.5825010857929821,-0.6093911605569156,-0.5378985949833781
0.602791394712743,-0.7334793889664661,0.31408680395974203
0.0007909264457216571,-0.545432138707123,0.8381546137203632
-0.8918009794812309,-0.4458137690642731,-0.07707850743900035
0.6655288702127528,-0.7102441143492294,-0.22940056875608586
-0.8278528611402699,0.1842518841691468,0.5298215581514103
0.44136318919468015,0.4890805617428588,0.7523288771203661
0.36298991405974196,0.8977898267924812,0.2494228321522065
0.6306497769577982,0.5829180576777026,-0.5123352387415234
0.7569347020938872,0.5384433493833181,0.3703088120351882
-0.5518948634963939,0.812981254015773,-0.18567051533627535
0.9714921906133688,0.13210803590816164,-0.19685118853013267
-0.3726642426285044,-0.4528754249131559,0.8099538331138707
-0.45025067197411506,0.8926860608965358,0.019645077446631406
0.17286886595723774,0.6550026693770261,0.73558674423322
0.6870515941978601,-0.17929484377992616,0.7041402317039631
0.9200904505917236,0.14424524956627902,-0.3641797230866662
-0.17591060109751416,0.27897625583236996,-0.9440485734872245
-0.6646777689450243,0.7394874594357955,0.10659156067652634
0.08368793216886691,-0.9785147389712592,0.18842833020888203
0.21961892877818426,-0.7593254988362076,0.6125294384268132
-0.26496204996442846,0.9096608103869905,-0.3198629739821902
-0.17782037036032747,0.20735897784435312,0.9619678633885131
0.920332222572176,0.258757528041815,-0.2933140667902723
-0.33829746014704337,0.41705815001584096,0.8435741389844903
0.45992172565581413,0.36832998637012104,-0.8079635062367387
0.03900341906740095,-0.996380339499913,0.07553113503112942
0.6695946118625911,-0.7148864087796161,0.20144596870319748
-0.377731979486762,-0.9201119974225759,-0.10350103319315293
-0.26026990762591745,0.6774153148567147,0.6880174898808711
0.868431304230751,0.06582269929906401,-0.4914208401045502
0.7331928401764656,-0.44841115224048145,0.511229593881586
-0.1028118079901704,0.3149327193925009,-0.9435290744825179
-0.6737422034445109,0.6631509341130809,-0.326040307144199
-0.10158529039041078,0.8864742411091971,0.4514906960571491
-0.3819144010704084,0.7180018676811386,-0.5819060991787489
-0.5049164898850355,-0.8557007690051829,0.11329400763550303
-0.6367886031835709,0.3608811078026544,0.681370017601777
-0.7332369048016073,0.6308567500814626,-0.2537388466782604
0.1646953229801218,0.26233591461007433,-0.950818236307113
0.3621526733167905,-0.5049390594118813,-0.7835062140721964
0.6126947907409143,0.7888452074989726,-0.04825279271555241
-0.7590418941966409,0.06109288036685995,0.648169007916034
0.4135829385220659,0.6972493823862893,-0.585484800592971
0.36131408265110093,-0.37336458318074,0.8544302322040495
0.6757194169499895,-0.7366798432127164,0.026572131281735575
0.13178099435706211,0.6431217828573882,0.7543395402208467
-0.3835478966273474,-0.8906506392335454,0.24419756310335022
-0.6886042843458471,0.6027900465112486,0.40307356575135334
-0.8937368090353456,0.010918591255008062,0.4484588058454468
0.5149405687583013,-0.6426475489936205,-0.5673097376384169
0.23254415427230885,-0.34320113819774656,0.9100198871747518
-0.8129207267517355,0.5231933611702334,0.2557901461057953
0.5404246002737968,0.37181288282806857,0.7547823736561341
-0.9396173067091702,-0.060567461589833595,-0.33682473117211686
-0.6880094597430746,0.31134482269132463,0.6555206973752624
0.714302828935758,0.621071453352537,0.3225549850877222
-0.2591096954014108,0.24898314295274881,-0.9332039221276126
-0.7191123872955497,0.6931512753523549,-0.049180117074882505
0.5977079545107558,-0.7631214490645485,0.24574550879353269
0.8159284303818459,-0.567318795698973,0.11140098985773923
-0.6422626547032292,-0.6345736036336784,-0.4299011792783637
0.23738014825850376,-0.9528325905492653,0.18910504911278003
-0.11303366554486242,-0.5787476654474182,-0.8076351467046586
-0.5291886476187712,-0.5319019960329784,0.6610897381199845
0.7111222329072214,0.4214055669111698,-0.5627810569318435
0.07699652995677375,-0.6843632548538293,0.725064459052082
0.6492605973711824,-0.4387951680364784,-0.6212241762915011
0.9533650564211975,0.1710814569914688,0.24864875682110923
0.7125295932075874,-0.6540879137651809,-0.25391057455281996
0.5548631531098929,0.7793465074876439,0.2911114951144316
0.5526182076444417,0.5266009129663457,-0.6459911725734772
-0.6979039288377056,-0.2352338095682611,0.6764578042634275
-0.38966944028335926,0.009808246533437053,0.9209025603228568
-0.6158084785687061,0.4543405164993417,-0.6437038238118574
0.3333096982982139,-0.913316765666731,0.23400241574055447
0.328780811481642,-0.6839620259070776,0.6512289344912118
0.46185014500959276,-0.8348040564900078,0.2996608596771455
-0.6747653399467275,0.5258813568867238,-0.5178228794535401
-0.8372239616703874,-0.4179902715747644,-0.35261901660828876
0.47539505287697637,-0.6383299899383945,-0.6054208186421622
-0.14229981471712755,-0.6867065443475566,-0.712870875181269
-0.09953464881311769,0.9104274566878549,-0.4015155038034441
0.2000716943600823,0.20900583365070158,0.9572292717086439
-0.9341084209326824,-0.22243808403432602,0.2792181167363405
0.4420559447929483,0.6329805391117211,0.6355487225847039
0.4249490126757468,0.4708189456824441,-0.7731415504371626
-0.8760911073233479,0.11514640729779968,0.4681940586502133
0.7782775080967651,0.22426454507446988,0.5865062098675775
0.6151487316352806,-0.46193296626550573,-0.6389131182286496
0.5683769094311749,-0.6404441286519889,0.5165065410047202
0.6601154772437836,-0.5931317580782041,-0.46091460625832936
0.48139661700677583,-0.7694065409264501,0.4198462479456337
-0.41666943006117496,-0.4263847050272058,0.8028590594689445
0.6885193987493736,0.3507394527258863,0.6347620608128269
0.8101008921665529,-0.09321231270116642,-0.5788333173477966
-0.14492875970210117,0.0644224821939891,-0.9873425942392924
-0.8690512112327481,0.466358220523563,-0.1651060338236895
-0.7781271841258787,0.25801995881422285,0.5726637636325853
-0.7778272936981,-0.5085418615506949,0.36928292165877863
0.8133283074136349,0.3930526054916271,0.4289600373880008
-0.9362730682927367,0.3498758625700701,-0.03129891979851254
0.40117365749808154,0.6355651002751503,-0.6596337619026563
0.9595888573244714,0.23134483750609577,0.16021482783435978
-0.7028795593649362,0.6740302051941196,0.2272522992467315
-0.9668019468527149,0.19705491873618994,-0.16267561145935078
-0.05253476505819505,-0.3208409782274732,-0.94567497860011
-0.8339755154031583,0.534600449377159,-0.13670113106253448
0.7309430705786293,0.40700232323408986,-0.5477876746104627
-0.7345666081356065,-0.2707907654486383,-0.622160959527268
-0.608198279441454,0.7643568960624547,0.21413404289422297
-0.6865775807448239,0.142748331456599,-0.7129054211358908
-0.4095567706742601,0.5082132538644427,0.7576163542264561
0.8004012237840552,-0.36926858624169073,0.472227267510094
-0.640492795556135,-0.7033274674674523,0.3083819909568434
-0.607563572430167,-0.3780562067006831,0.6985270288478346
0.7523447514569901,-0.4672427310170412,0.46439380407888375
0.4341488522134484,-0.5015262984949427,-0.7483222207309541
-0.26204216525356516,0.06411958710700068,0.9629239752848876
-0.6650865366857459,-0.03180901307293226,0.7460885238406272
0.2404091987408689,0.5780439364048354,-0.7797875510332131
-0.38270821324175025,-0.8887537574541334,0.252291859021385
0.8010205953398751,0.30433595507109124,0.5155052204316832
0.18588901437021468,0.5491595193598682,-0.8147816251198285
-0.504078312772422,0.7218828950710303,-0.4741203859742545
-0.14822378790742666,0.9643088260119039,-0.2194041858623433
-0.1118817270155226,0.8450847171773352,-0.5227947015352463
-0.4996704960389687,-0.8659110260275349,0.022967158990887578
0.6894481171273975,0.17463966198216233,0.7029667717981002
-0.20245713548546834,0.9605681592258449,-0.19057785750839593
-0.6762507612233493,0.6382005724201092,-0.3679469218616807
-0.60421943963413,-0.19121025067702005,0.7735357191521598
0.41834766793871764,0.6972254158476825,-0.5821185001580544
-0.5612826050800149,0.6252444917210632,-0.5422464041439661
-0.715005538668716,0.25086653744665,-0.652558855631113
-0.49038325529797483,0.8038098431072318,-0.33676994973911895
0.700067889151211,-0.7132313012455129,-0.03472839620541245
-0.7467023146777914,0.4768703687755932,0.4637136019556235
0.19167297267550112,-0.5173715230261504,-0.8340192915678499
-0.8326740524936815,0.19788268279445942,0.5172005086557989
0.6446834545217494,-0.3782288152062249,-0.6643238719281424
-0.6393025695601784,0.47394541870544865,-0.6055311425863003
-0.8605938393693364,0.4380512373036789,-0.2597871381270845
-0.14292476631790355,-0.04132916355121634,-0.988870270264573
-0.7030230910301501,-0.07831167803370193,-0.7068421426046688
-0.09655087804347451,-0.40167107523993034,-0.9106801168712493
-0.8701855622355895,0.4673551842297448,-0.15606479119363315
-0.5821407129688169,-0.8102888485032631,0.06741047615477669
-0.7117240679183262,-0.3844272790471052,0.587932409610347
0.9120727726876054,0.00733108773262041,0.40996281840503584
-0.059863708909462715,-0.27869789945701445,-0.9585112504263322
-0.7504902021863655,-0.24531749632447397,-0.6136642261199198
-0.9805171094522499,-0.05677164861338263,-0.18805099836247458
0.6310400228541942,0.31326615104397326,-0.7096850062994657
-0.04823727912789262,0.6855951020444736,-0.7263831777753155
-0.5562487720964844,0.490958279670686,-0.6704828641836821
0.3786925037654282,0.8507036756535997,-0.3645479993379835
0.9867220726876216,0.1236152885057557,-0.10535089804402624
0.291152741231465,-0.9186001799293905,-0.26721487740598426
-0.5602498525770891,-0.7349728138216842,0.3820144835348335
-0.349053247120429,0.8668319259072419,-0.3560396647883863
0.6087959907607535,0.6528468216936331,-0.45073103846768087
-0.6202079614270724,-0.32671309226224987,-0.7131624218415562
0.448495540774738,0.022339677824395356,0.893505841446981
-0.40634746949599504,-0.2761194872057432,0.8709992897927292
-0.032516906075243275,-0.983255598147716,-0.17930722107732067
0.8605543085080734,0.5051370137701716,-0.06544371190225279
-0.11846392545737641,-0.25505945771574856,-0.9596410638332321
-0.9540236343071913,0.28175171717974845,-0.10224908336783124
0.2920169200596783,0.8680884636497996,-0.4014331048593152
0.7021555666017402,-0.4767027010567629,0.5288970552908909
0.07468017360198835,0.7539192192647396,-0.6527087271471268
-0.16403563139951438,-0.7576565304511885,0.6317031688190505
0.1551352755360681,0.9058134521452739,-0.3942525030954274
0.5242579382036585,0.1238015200308112,0.8425121944924653
-0.3510456270073328,0.9185629075394215,-0.18168421134416896
0.4915554184679095,-0.40306988804583127,0.7719507341311098
0.7282060107405006,-0.1223681766764589,-0.6743456348626309
0.33643472465253266,0.8262830514332055,-0.451738857042656
0.6716901462300788,0.5301258014109581,-0.517492977861347
0.7384000295044864,0.4987485396010553,0.45388907309340265
-0.31153119921170014,0.8960596480221995,0.31626795459554835
-0.7045307829406272,-0.5881777851342298,-0.39709352672092113
0.754412985253259,0.4673494589035729,-0.460918139091752
-0.8905699091528558,0.14351469712680326,0.43161182632091516
-0.9065871980386724,0.08675505657089312,0.41300509986169703
-0.975101344251967,-0.08190493307869809,-0.20607996112038904
-0.046183869668829605,0.6222598522742295,0.7814472000270182
-0.43672540250964487,0.8205049187303651,-0.3688395330520653
-0.9976721091644523,-0.0023210983247096773,0.0681540541561564
0.16334449164705517,-0.9862794020032701,0.023906447511848377
0.8097456169354805,0.5751996626305282,-0.11600596520655455
0.15946428716936226,0.7876039820605845,0.5951899768644274
0.7589786258930423,-0.2680019688871434,0.5934023846515314
-0.6162020968555816,0.6611186035059925,0.42803874582690615
0.8719042528528449,0.38964127801950516,-0.2965849765589097
-0.09004340673654057,0.31312315442900923,-0.9454343314391036
0.41387088175096354,-0.8983263428593579,-0.1473793573184903
0.46647806728838603,0.5241835756875197,0.7124814325428687
-0.4285559495375472,0.5668104713253034,-0.7036090446490572
-0.0969244780856296,0.9519684905062278,0.290450750784229
-0.8722680953336646,-0.4319021283272259,0.22936634759570418
0.5763185802979522,0.31488553959199556,0.7541246521359786
-0.8179597222271597,0.5379529220004713,-0.2038346058087844
0.18789472419682546,0.9157640878445932,-0.3550657798678423
-0.796963385310629,0.4070041807472574,0.446314865681702
0.842374981583276,0.12022985857326045,-0.525308644046554
-0.6694575322448734,-0.6163575708709833,-0.4146443745556245
0.4289645087194341,-0.43578272868185675,0.7912539817540823
0.21856358826020952,0.6151752769022045,0.7574888359409118
-0.9240080856614115,0.25322018555904885,-0.28651107353429534
0.7193053111255681,0.26218144379993163,0.6433201068780091
-0.13892694801782682,-0.5977539303368954,0.7895502149206509
0.3734607629758737,0.15563356349783988,-0.9144972675904736
0.25444827332268893,0.8137695378810348,0.522527717370083
-0.5886005013174818,-0.37873060729645547,-0.7142216581325908
0.48076855971435123,-0.8716028519513027,0.09576043264597069
-0.902385491463781,-0.42446355933445085,-0.07437144339596787
0.8831869635753073,0.3630891451200857,-0.29689570570588275
0.38872815130905175,-0.3747141143293985,0.8417123955973214
-0.17293609372989316,0.7035176530762645,-0.6893156166049846
0.1323985559017327,-0.7426150689232834,0.6565009381586615
-0.24645162752104588,0.9543103647902573,-0.1689772852963192
0.5632999325248996,0.7180747222683237,-0.4087320384514937
-0.6591022867297859,0.645211149942939,0.3863764325329345
0.728592475335099,0.518244037075817,-0.4478572573046375
0.40247000644153336,-0.11163334522572482,0.9086010621547095
-0.607101576206538,-0.6877617641975639,0.3980093364173652
-0.32254524376328114,-0.6068772354056668,0.7264052497553004
0.7280334024924128,0.6263954496700587,-0.27856077521425276
0.22360028228446704,-0.6926334897416913,0.6857563435000459
-0.3582962027060765,0.9175112437448214,0.17261792701871095
-0.09635103656347158,-0.2763906437014455,-0.9562032680489254
0.22601029879091772,0.9741247755671463,0.0005162041230750733
-0.568382520953022,-0.31887014614811826,-0.7584610337852336
0.7682836347944948,0.5604049745046135,-0.3093323795813213
-0.50593682686705,0.50368924315562,-0.7002321568944254
0.6030756140410186,-0.6389909960102611,-0.4774833094118186
-0.7338771881009902,0.4888000542789838,0.4716977631088006
-0.4409215208799203,-0.544883974633514,0.7132248359476288
0.7831454809117484,0.5681887391044733,-0.2526751125108588
-0.8818723937783821,-0.29547401064011436,-0.36741827680156536
0.7237299923207321,-0.08053270191705114,0.6853680632604443
-0.3888189987144119,0.8964446827488708,0.21261871274654662
0.5426734543152835,0.6053569756712037,-0.5822786738218494
-0.2093472817555807,-0.5746798922700022,-0.7911489980035924
0.5368669500106962,-0.8281137066284253,-0.16125001358245886
0.4854405698928883,-0.0822897137047592,-0.8703883363881071
0.5965597127977429,-0.06453587481284347,0.7999697681342811
-0.4565634492519089,0.4988198005705012,0.7367011764385918
-0.2817686877644933,-0.8216173256633265,-0.4955314084549218
0.5561484928501366,-0.1626700108519858,0.8150075591489545
0.17812288421155437,-0.7619032525822921,0.6227163654704134
-0.2049721296989707,0.47964129796136346,0.8531885203966394
0.49374613008901996,-0.47785520981162727,0.726546046357698
-0.03206803218407596,0.4650965033220442,-0.8846789722319892
0.41104836796856187,-0.3084728418328844,0.8578366657131915
0.5182698081529801,-0.5912459312451094,0.6179196183511061
0.26665156131481044,-0.6981543196576986,0.6644377252923481
0.24571161891259968,-0.020774069502691513,0.9691203425620818
0.773276928446577,0.24477381583258045,0.5849175762575318
-0.36911538872716276,0.37161854151784823,0.8518529740541749
-0.20561351465461103,-0.581967374685085,-0.7867890806267764
-0.46448373843144747,0.42543463311626134,0.7766982874179515
-0.6563878733751143,-0.6624194576770741,0.36104767244355135
-0.6810257460667302,0.47046400831703494,-0.5611305998361901
0.685213693675452,-0.5502562769939093,-0.4771794459408806
-0.8027726075576789,-0.5840215152129408,-0.12031213705784509
0.6722627798644649,0.5633222659262095,0.4803444384196228
0.22506882467927034,0.45443171935157184,-0.8618792471133448
-0.16514370429401826,0.7814994118981897,-0.6016529116815054
-0.09005750479277637,-0.39662399099209716,0.9135529845608299
-0.18726073600924945,-0.7667189361530969,-0.6140647276090182
0.5092131784974372,0.8477270802581757,0.14852857045526854
-0.628938269397194,-0.09789305456913552,0.7712675302090625
-0.5207591182755522,0.6095059394078425,-0.5977561798588391
0.18797643072509188,-0.9386795347862317,0.2890425443863904
0.6446610115304909,0.6132434362113499,-0.45644788109507095
-0.3852598714325518,-0.08702446695904259,-0.9186955826683114
0.2918971217044559,0.369338713485334,-0.8822612906966124
-0.24243673049455897,-0.8509099605457014,-0.4660221783898502
-0.6061472125698085,0.0008258704704898626,-0.795352044463216
