-0.060517340898513794,0.6426469683647156,-1.6070913076400757,0.009584758430719376,0.7481447458267212,-1.5890674591064453,-0.047610703855752945,0.6532889604568481,-1.6941447257995605,0.03360076993703842,0.6637275815010071,-1.651922345161438
-0.060517340898513794,0.6427434086799622,-1.6070913076400757,0.009584758430719376,0.7480965256690979,-1.5887223482131958,-0.04759871959686279,0.6533854007720947,-1.6940680742263794,0.03360076993703842,0.6638120412826538,-1.6519606113433838
-0.058368876576423645,0.6585654020309448,-1.6264578104019165,0.007447731681168079,0.7539424896240234,-1.6056344509124756,-0.04513784497976303,0.671516478061676,-1.7119005918502808,0.030470697209239006,0.6822468638420105,-1.671135425567627
-0.05679243803024292,0.6708033084869385,-1.6155282258987427,0.0021286532282829285,0.7637835741043091,-1.5865747928619385,-0.03562319278717041,0.6724366545677185,-1.689619541168213,0.007003049831837416,0.7060464024543762,-1.6742417812347412
-0.05945019796490669,0.6661710143089294,-1.6065161228179932,-0.00013992562890052795,0.7580072283744812,-1.5789815187454224,-0.038451265543699265,0.6523584723472595,-1.6838669776916504,-0.007268997840583324,0.7034819722175598,-1.6704834699630737
-0.0634210854768753,0.6730114221572876,-1.6035248041152954,-0.011861320585012436,0.7539505362510681,-1.579786777496338,-0.045357946306467056,0.6373907327651978,-1.6707133054733276,-0.012831869535148144,0.693854808807373,-1.6482406854629517
-0.0704302117228508,0.6618502736091614,-1.5994598865509033,-0.021212851628661156,0.746247410774231,-1.57602858543396,-0.0475437305867672,0.626987099647522,-1.6609340906143188,-0.022314950823783875,0.6827340126037598,-1.6314053535461426
-0.07078727334737778,0.6510778069496155,-1.5957399606704712,-0.0358913354575634,0.7404448390007019,-1.5727688074111938,-0.052444182336330414,0.6100122332572937,-1.6383845806121826,-0.04068785905838013,0.6560443043708801,-1.6031800508499146
-0.07165095210075378,0.6403522491455078,-1.591789960861206,-0.045702580362558365,0.731457531452179,-1.5652140378952026,-0.05554426088929176,0.5932011008262634,-1.6154131889343262,-0.049739446491003036,0.6386102437973022,-1.5805538892745972
-0.06988571584224701,0.6357922554016113,-1.586881160736084,-0.0494982935488224,0.7266330718994141,-1.5576592683792114,-0.056779734790325165,0.5754870176315308,-1.5844651460647583,-0.051343418657779694,0.6199594736099243,-1.5529422760009766
-0.05995620787143707,0.6362721920013428,-1.5817424058914185,-0.05277245119214058,0.7305296063423157,-1.5537092685699463,-0.055564671754837036,0.5528155565261841,-1.550564169883728,-0.052793506532907486,0.6019521355628967,-1.5267878770828247
-0.041259992867708206,0.6419677138328552,-1.5751845836639404,-0.05728859081864357,0.730970025062561,-1.5514466762542725,-0.051732730120420456,0.5295634865760803,-1.5111408233642578,-0.05193064361810684,0.5871641635894775,-1.5014004707336426
-0.020979395136237144,0.6511648297309875,-1.5766035318374634,-0.06158003956079483,0.7310912013053894,-1.5441601276397705,-0.04695889726281166,0.5107264518737793,-1.4749006032943726,-0.04617246240377426,0.5718050003051758,-1.482187271118164
0.002343001775443554,0.6678364872932434,-1.5876097679138184,-0.0621756874024868,0.7294002771377563,-1.5368738174438477,-0.04214480146765709,0.49565058946609497,-1.445984959602356,-0.04559674486517906,0.5662568807601929,-1.4619388580322266
0.03339412808418274,0.6832677721977234,-1.6081650257110596,-0.061313096433877945,0.7307559251785278,-1.527056336402893,-0.03692728281021118,0.4815116822719574,-1.4135029315948486,-0.04797365888953209,0.563186526298523,-1.4634727239608765
0.061691898852586746,0.7114086747169495,-1.672362208366394,-0.05725996196269989,0.728980541229248,-1.517123818397522,-0.03079601563513279,0.4685218334197998,-1.3902631998062134,-0.05526204779744148,0.5742629170417786,-1.4925416707992554
0.08713249862194061,0.7129786014556885,-1.7461466789245605,-0.0481843426823616,0.7268223166465759,-1.5049668550491333,-0.024258587509393692,0.4542344808578491,-1.3639169931411743,-0.07724003493785858,0.5982151031494141,-1.5250238180160522
0.10590328276157379,0.7067916989326477,-1.8383389711380005,-0.03443843871355057,0.725374162197113,-1.498485803604126,-0.01711900159716606,0.4416426122188568,-1.3387213945388794,-0.09664084762334824,0.628763735294342,-1.60916268825531
0.11403564363718033,0.684288501739502,-1.9294958114624023,-0.025175724178552628,0.7217761278152466,-1.4936538934707642,-0.01419621892273426,0.4295951724052429,-1.3157116174697876,-0.11084078252315521,0.6498036980628967,-1.677693247795105
0.11560173332691193,0.649927020072937,-2.0114870071411133,-0.01916457526385784,0.7201349139213562,-1.4913527965545654,-0.011142434552311897,0.41853591799736023,-1.2972272634506226,-0.11723461002111435,0.6737631559371948,-1.7572684288024902
0.11101122945547104,0.6164891123771667,-2.096086025238037,-0.017667369917035103,0.7213951349258423,-1.4907008409500122,-0.01378170307725668,0.411814421415329,-1.2827311754226685,-0.11631996184587479,0.7037150263786316,-1.8458940982818604
0.1030258983373642,0.5806546211242676,-2.1933019161224365,-0.018411487340927124,0.7219469547271729,-1.4892053604125977,-0.018867671489715576,0.40607672929763794,-1.2706893682479858,-0.10555916279554367,0.7390096187591553,-1.9449126720428467
0.09390398859977722,0.5454767942428589,-2.2757153511047363,-0.023245785385370255,0.7221389412879944,-1.4867892265319824,-0.022496426478028297,0.40421998500823975,-1.263978123664856,-0.08400797098875046,0.7735385894775391,-2.029780149459839
0.07600879669189453,0.499698668718338,-2.36898136138916,-0.03541196510195732,0.7213956713676453,-1.4839130640029907,-0.034291915595531464,0.4037294387817383,-1.2598364353179932,-0.04417780786752701,0.8194515705108643,-2.1419525146484375
0.05726245790719986,0.46611323952674866,-2.437051773071289,-0.04958033561706543,0.7199453115463257,-1.4796944856643677,-0.04724686220288277,0.4049167037010193,-1.2592228651046753,-0.0020742127671837807,0.8538380861282349,-2.2292745113372803
0.030597828328609467,0.4341052770614624,-2.4696872234344482,-0.07182660698890686,0.7167661786079407,-1.473788857460022,-0.06456489115953445,0.40931710600852966,-1.2598364353179932,0.044360823929309845,0.8893517255783081,-2.323997735977173
0.009254955686628819,0.41487058997154236,-2.4548840522766113,-0.08942760527133942,0.7141779065132141,-1.4696086645126343,-0.07763748615980148,0.4150020182132721,-1.2591843605041504,0.07960478961467743,0.9149908423423767,-2.381598949432373
-0.023483209311962128,0.38904595375061035,-2.3704001903533936,-0.10596200078725815,0.7134026885032654,-1.463242769241333,-0.0881800502538681,0.41760772466659546,-1.2592995166778564,0.12062925100326538,0.9392580986022949,-2.377380132675171
-0.046111274510622025,0.37002891302108765,-2.2826180458068848,-0.11383016407489777,0.7129698991775513,-1.4621689319610596,-0.09305543452501297,0.4168371558189392,-1.258110761642456,0.14403602480888367,0.9469224214553833,-2.3091177940368652
-0.05889269709587097,0.34980008006095886,-2.1936089992523193,-0.11703700572252274,0.7117601037025452,-1.4621305465698242,-0.09302899986505508,0.41060319542884827,-1.2462607622146606,0.15892255306243896,0.9285363554954529,-2.2188432216644287
-0.06370624154806137,0.33134520053863525,-2.109623432159424,-0.11459331959486008,0.711245059967041,-1.4630508422851562,-0.09078877419233322,0.39987513422966003,-1.228006362915039,0.1592283993959427,0.8863518834114075,-2.11464786529541
-0.06503594666719437,0.31577935814857483,-2.0277090072631836,-0.10705304890871048,0.7114490866661072,-1.4650450944900513,-0.08683014661073685,0.3905054032802582,-1.2099437713623047,0.15305405855178833,0.8424302339553833,-2.038370370864868
-0.0674101859331131,0.30324769020080566,-1.9497443437576294,-0.1010408028960228,0.7115568518638611,-1.467000961303711,-0.07772241532802582,0.38460099697113037,-1.1941437721252441,0.1427653431892395,0.7918984889984131,-1.9567244052886963
-0.0687616690993309,0.29427284002304077,-1.8781840801239014,-0.0997110977768898,0.7129969596862793,-1.4670777320861816,-0.07154073566198349,0.3837185502052307,-1.1852465867996216,0.13879774510860443,0.7461108565330505,-1.8718950748443604
-0.06687138229608536,0.28985288739204407,-1.8234210014343262,-0.09866902232170105,0.7157889604568481,-1.4659271240234375,-0.06823527812957764,0.3851223289966583,-1.1790339946746826,0.14046739041805267,0.7220550179481506,-1.7997981309890747
-0.0602462962269783,0.28658419847488403,-1.756846308708191,-0.09989305585622787,0.7227883338928223,-1.4600212574005127,-0.06807106733322144,0.39213499426841736,-1.1779218912124634,0.14835546910762787,0.7096236348152161,-1.7093316316604614
-0.043127063661813736,0.2912016808986664,-1.7035787105560303,-0.10362233966588974,0.7318503260612488,-1.4513158798217773,-0.07110472023487091,0.4032318592071533,-1.1801460981369019,0.15619097650051117,0.7096555233001709,-1.623927116394043
-0.02041449584066868,0.3024004399776459,-1.6394582986831665,-0.11325005441904068,0.7377179861068726,-1.4376634359359741,-0.08219423145055771,0.42002642154693604,-1.1873173713684082,0.15837503969669342,0.7189828157424927,-1.5246018171310425
0.002114205854013562,0.32521188259124756,-1.5677447319030762,-0.1318199336528778,0.741204559803009,-1.4223238229751587,-0.09909199178218842,0.4403666853904724,-1.201775312423706,0.1466342806816101,0.7307973504066467,-1.426005244255066
0.026128128170967102,0.35970741510391235,-1.4761277437210083,-0.15864363312721252,0.7448011636734009,-1.4023818969726562,-0.11989962309598923,0.4684598743915558,-1.2246315479278564,0.11268261820077896,0.7410389184951782,-1.3150984048843384
0.042013730853796005,0.4005730450153351,-1.3633418083190918,-0.18909773230552673,0.7456610202789307,-1.384434461593628,-0.13934920728206635,0.4917650818824768,-1.2566150426864624,0.0714963972568512,0.7400842308998108,-1.2721469402313232
0.047282613813877106,0.4299187958240509,-1.284801959991455,-0.21694333851337433,0.7440096139907837,-1.3713955879211426,-0.15968915820121765,0.5088180899620056,-1.2883684635162354,0.03231695294380188,0.736396849155426,-1.2673149108886719
0.013366364873945713,0.414882093667984,-1.2923568487167358,-0.23423923552036285,0.7420205473899841,-1.3698999881744385,-0.16212722659111023,0.5178359150886536,-1.3255290985107422,0.003013672772794962,0.7293984293937683,-1.2566921710968018
-0.005379016976803541,0.413377046585083,-1.2846102714538574,-0.24647675454616547,0.7374915480613708,-1.3814047574996948,-0.12311523407697678,0.5259759426116943,-1.3739262819290161,-0.006787163205444813,0.7228049039840698,-1.2510931491851807
-0.004945119842886925,0.4157741367816925,-1.2904009819030762,-0.25296786427497864,0.7480425834655762,-1.4436460733413696,-0.05958438292145729,0.5380674600601196,-1.4539999961853027,-0.012098366394639015,0.7138867378234863,-1.2441134452819824
-0.006735151633620262,0.41412654519081116,-1.2910146713256836,-0.25395676493644714,0.748127818107605,-1.5283985137939453,-0.008126860484480858,0.5405128002166748,-1.5446199178695679,-0.015630699694156647,0.7045027613639832,-1.2317266464233398
-0.012812524102628231,0.40912044048309326,-1.2856839895248413,-0.2418668270111084,0.735879123210907,-1.6062480211257935,0.029983455315232277,0.5552114844322205,-1.6308296918869019,-0.013015398755669594,0.6939327120780945,-1.2183810472488403
-0.017530199140310287,0.4067728817462921,-1.285300612449646,-0.21487204730510712,0.7161410450935364,-1.690233588218689,0.050140853971242905,0.5782713294029236,-1.7149684429168701,-0.010992530733346939,0.6862072348594666,-1.2082951068878174
-0.01720607653260231,0.40507033467292786,-1.2863359451293945,-0.17782552540302277,0.6824710965156555,-1.770192265510559,0.05450468510389328,0.6024209856987,-1.8009098768234253,-0.010213008150458336,0.6801421046257019,-1.201698899269104
-0.017601830884814262,0.40227770805358887,-1.2860674858093262,-0.13754625618457794,0.6358128786087036,-1.8620010614395142,0.046635910868644714,0.6254270672798157,-1.8800632953643799,-0.010046050883829594,0.6759855151176453,-1.19782555103302
-0.01722949743270874,0.40027713775634766,-1.28798508644104,-0.09803535789251328,0.5881407260894775,-1.9470219612121582,0.031714729964733124,0.6480532884597778,-1.9599453210830688,-0.01021355576813221,0.674105167388916,-1.197940707206726
-0.015683531761169434,0.39969050884246826,-1.2908612489700317,-0.06630278378725052,0.5494880676269531,-2.030355453491211,0.01786288246512413,0.669573962688446,-2.0377180576324463,-0.009878544136881828,0.6735786199569702,-1.197595477104187
-0.014257683418691158,0.39981088042259216,-1.2945810556411743,-0.03805924579501152,0.506730854511261,-2.124311685562134,-0.0006159698823466897,0.6922486424446106,-2.1152992248535156,-0.010993625968694687,0.6750900149345398,-1.1985160112380981
-0.014354926533997059,0.40051767230033875,-1.297955870628357,-0.011302308179438114,0.46684274077415466,-2.222064733505249,-0.019542347639799118,0.7077376842498779,-2.201010227203369,-0.011039919219911098,0.6757475137710571,-1.2007402181625366
-0.015421248972415924,0.4021012485027313,-1.3004869222640991,0.006743196398019791,0.44334283471107483,-2.3032121658325195,-0.031222859397530556,0.7130343914031982,-2.266204595565796,-0.011208794079720974,0.6778237223625183,-1.2027727365493774
-0.016524620354175568,0.40665745735168457,-1.3042068481445312,0.02133779227733612,0.43272727727890015,-2.34739089012146,-0.04028211161494255,0.7195636630058289,-2.317976474761963,-0.013391567394137383,0.683533787727356,-1.2069528102874756
-0.017446856945753098,0.4108753502368927,-1.3073898553848267,0.03671683743596077,0.4310293197631836,-2.3450515270233154,-0.04835865646600723,0.7159427404403687,-2.322923421859741,-0.017349649220705032,0.6911913752555847,-1.214354395866394
-0.02049468643963337,0.4168211817741394,-1.3109179735183716,0.05248424410820007,0.4313964545726776,-2.2851877212524414,-0.06292387843132019,0.7143303155899048,-2.2662811279296875,-0.027765855193138123,0.7035503387451172,-1.2303459644317627
-0.03171520680189133,0.4272610545158386,-1.3144077062606812,0.06559307128190994,0.42696285247802734,-2.185670852661133,-0.08517994731664658,0.6912769675254822,-2.15537428855896,-0.04218151047825813,0.7112575769424438,-1.241965889930725
-0.04573647305369377,0.43714529275894165,-1.3213106393814087,0.07651015371084213,0.40984082221984863,-2.1094322204589844,-0.09987993538379669,0.66325843334198,-2.0580432415008545,-0.050785090774297714,0.7131410241127014,-1.24116051197052
-0.05756271630525589,0.4433659613132477,-1.3344262838363647,0.08831680566072464,0.3810362219810486,-2.045541524887085,-0.10634840279817581,0.6359280347824097,-1.9793117046356201,-0.060385268181562424,0.7172279357910156,-1.2416975498199463
-0.0652778223156929,0.44957348704338074,-1.3441671133041382,0.10036800056695938,0.3482198417186737,-1.9938850402832031,-0.10752122104167938,0.6094110608100891,-1.9132739305496216,-0.06730695068836212,0.7186393141746521,-1.243154764175415
-0.06883494555950165,0.45532509684562683,-1.3562088012695312,0.1112733781337738,0.3040718734264374,-1.9208675622940063,-0.11049440503120422,0.572615921497345,-1.8250700235366821,-0.06822919100522995,0.7202111482620239,-1.2461076974868774
-0.0697457492351532,0.4611508250236511,-1.3639936447143555,0.11403980851173401,0.2746906876564026,-1.865912675857544,-0.11584074050188065,0.5546976923942566,-1.7495981454849243,-0.06825343519449234,0.7244092226028442,-1.249367356300354
-0.06955235451459885,0.46751168370246887,-1.3684806823730469,0.11285091191530228,0.2518294155597687,-1.798455834388733,-0.12078857421875,0.5418887138366699,-1.6801471710205078,-0.0668834000825882,0.7339004278182983,-1.2592999935150146
-0.0661223977804184,0.4713466465473175,-1.369362711906433,0.10619720071554184,0.23721635341644287,-1.732724666595459,-0.12348173558712006,0.5289427042007446,-1.5912913084030151,-0.0601959191262722,0.7440270781517029,-1.2703444957733154
-0.0631151795387268,0.47675180435180664,-1.3707432746887207,0.09709055721759796,0.23364859819412231,-1.6645009517669678,-0.12153865396976471,0.5215776562690735,-1.5111408233642578,-0.05623079091310501,0.7520557641983032,-1.2794333696365356
-0.058079883456230164,0.48197802901268005,-1.3735427856445312,0.08799508213996887,0.23729214072227478,-1.5784062147140503,-0.11079256981611252,0.5125426650047302,-1.4247009754180908,-0.05130280926823616,0.7591738104820251,-1.2870266437530518
-0.053013574331998825,0.4895043969154358,-1.3783364295959473,0.08197680860757828,0.2545875906944275,-1.4862140417099,-0.0858566164970398,0.5118660926818848,-1.3406004905700684,-0.04315435513854027,0.7637383937835693,-1.2923188209533691
-0.05094139650464058,0.494562029838562,-1.3837438821792603,0.07630552351474762,0.2770346403121948,-1.3914140462875366,-0.06019078195095062,0.5202147960662842,-1.2726835012435913,-0.03866219148039818,0.7678977847099304,-1.2952333688735962
-0.04866275191307068,0.5007935166358948,-1.389649510383606,0.07073450833559036,0.32354357838630676,-1.295310139656067,-0.052370358258485794,0.5183539390563965,-1.263364553451538,-0.03449113294482231,0.7731242179870605,-1.3010241985321045
-0.044600922614336014,0.5053799152374268,-1.394059658050537,0.07012256234884262,0.3632272779941559,-1.2647455930709839,-0.051911674439907074,0.5156623721122742,-1.2544291019439697,-0.029410365968942642,0.7798237204551697,-1.3094227313995361
-0.04317643865942955,0.5118590593338013,-1.4070602655410767,0.07133262604475021,0.3562907874584198,-1.2876019477844238,-0.050173137336969376,0.5187796354293823,-1.2488300800323486,-0.03204258158802986,0.7865337133407593,-1.3154436349868774
-0.04083622992038727,0.5239323377609253,-1.434365153312683,0.06053236499428749,0.3555660545825958,-1.2872567176818848,-0.05069558322429657,0.5245370268821716,-1.249827265739441,-0.03678230568766594,0.7896104454994202,-1.3192402124404907
-0.03140895813703537,0.5632197856903076,-1.5050048828125,0.0478086844086647,0.35961833596229553,-1.2907081842422485,-0.05707036703824997,0.5314614176750183,-1.2518980503082275,-0.039732348173856735,0.7898618578910828,-1.3256062269210815
-0.0025454664137214422,0.5934820175170898,-1.625077247619629,0.04256562143564224,0.37626931071281433,-1.294926643371582,-0.06353965401649475,0.5378111600875854,-1.2479864358901978,-0.048429399728775024,0.7822251319885254,-1.3717790842056274
0.028880732133984566,0.6243261694908142,-1.727278709411621,0.04396777227520943,0.37560340762138367,-1.2946964502334595,-0.06742364168167114,0.542465090751648,-1.242310643196106,-0.061546921730041504,0.7625671625137329,-1.454000473022461
0.05270804464817047,0.6488502025604248,-1.8205831050872803,0.041076287627220154,0.3856598436832428,-1.297764539718628,-0.06944458931684494,0.5476360321044922,-1.2413519620895386,-0.07265383750200272,0.7332586050033569,-1.5326169729232788
0.06708335876464844,0.6565143465995789,-1.9062559604644775,0.03617392107844353,0.3976178765296936,-1.308655858039856,-0.0679473802447319,0.5498968958854675,-1.2407000064849854,-0.08192989230155945,0.7067737579345703,-1.6271101236343384
0.07383836060762405,0.6468917727470398,-2.0100297927856445,0.037245720624923706,0.40328967571258545,-1.312950849533081,-0.06568291783332825,0.5532922744750977,-1.2368266582489014,-0.0839276984333992,0.688576340675354,-1.7443063259124756
0.0730065107345581,0.6249995231628418,-2.082357168197632,0.03916182741522789,0.4150141775608063,-1.3186649084091187,-0.06598279625177383,0.5528619885444641,-1.2297320365905762,-0.0801357552409172,0.6882187128067017,-1.8270263671875
0.06286429613828659,0.5920412540435791,-2.167339324951172,0.03588657081127167,0.4234536588191986,-1.3316271305084229,-0.0654304176568985,0.5570112466812134,-1.2290416955947876,-0.06814851611852646,0.7105604410171509,-1.9302630424499512
0.04932130128145218,0.5562430024147034,-2.2501742839813232,0.030278775840997696,0.4289582669734955,-1.3380699157714844,-0.06487347185611725,0.563148021697998,-1.2283514738082886,-0.05012883245944977,0.7456911206245422,-2.013826847076416
0.02550070360302925,0.5139351487159729,-2.328599214553833,0.024763841181993484,0.43666958808898926,-1.3430936336517334,-0.06671794503927231,0.5715620517730713,-1.230690836906433,-0.02249293588101864,0.7897080779075623,-2.1021840572357178
-0.004472941160202026,0.4789823889732361,-2.3990089893341064,0.013625290244817734,0.44577130675315857,-1.350456714630127,-0.07598201930522919,0.5806593894958496,-1.2357913255691528,0.011168630793690681,0.8370346426963806,-2.1962170600891113
-0.03312722221016884,0.4503806531429291,-2.4434945583343506,-0.0023978911340236664,0.4507589340209961,-1.3527575731277466,-0.08903641253709793,0.5908811688423157,-1.2430393695831299,0.05211900174617767,0.8792863488197327,-2.281467914581299
-0.05945492163300514,0.42412269115448,-2.4441463947296143,-0.021023843437433243,0.4558784067630768,-1.3542532920837402,-0.10164162516593933,0.6019684672355652,-1.2489452362060547,0.09065204858779907,0.9145649075508118,-2.3563263416290283
-0.0805329829454422,0.4047098755836487,-2.3988940715789795,-0.03983715549111366,0.46284860372543335,-1.3541382551193237,-0.11282400041818619,0.613961935043335,-1.2545826435089111,0.12163373827934265,0.9413798451423645,-2.389268636703491
-0.09779457747936249,0.3804761469364166,-2.309079170227051,-0.05079396069049835,0.4671590030193329,-1.355710506439209,-0.12263578176498413,0.6206573247909546,-1.2576122283935547,0.1621900051832199,0.9515507817268372,-2.343977689743042
-0.09939444065093994,0.3571542799472809,-2.2344512939453125,-0.05357293039560318,0.46805083751678467,-1.3555570840835571,-0.12728402018547058,0.6208691596984863,-1.2565385103225708,0.18581603467464447,0.9411846995353699,-2.2640573978424072
-0.0936746820807457,0.3306794762611389,-2.1482415199279785,-0.05503363534808159,0.46936607360839844,-1.360849380493164,-0.12841978669166565,0.6158210635185242,-1.247334599494934,0.19651459157466888,0.9039686322212219,-2.16105055809021
-0.08889269828796387,0.3057921230792999,-2.074495553970337,-0.05490262806415558,0.4700867533683777,-1.3672537803649902,-0.12747275829315186,0.6073122620582581,-1.2345640659332275,0.1933107078075409,0.8575705885887146,-2.0825490951538086
-0.08735249191522598,0.279952734708786,-2.006309986114502,-0.05344000831246376,0.47132113575935364,-1.376572847366333,-0.12526574730873108,0.5986639857292175,-1.2206432819366455,0.18537741899490356,0.7993152141571045,-1.9982185363769531
-0.09365810453891754,0.25934481620788574,-1.9348646402359009,-0.05346452444791794,0.4723171889781952,-1.3848179578781128,-0.12032851576805115,0.5938583612442017,-1.2100971937179565,0.17835822701454163,0.7415856719017029,-1.9157286882400513
-0.0984354317188263,0.2413477897644043,-1.8621156215667725,-0.054759640246629715,0.4747491478919983,-1.3911455869674683,-0.11582300066947937,0.5933926701545715,-1.2025805711746216,0.17779743671417236,0.6855812072753906,-1.820430040359497
-0.1003008633852005,0.23157140612602234,-1.7982637882232666,-0.05675039440393448,0.4846867024898529,-1.392871379852295,-0.1135718822479248,0.5959126353263855,-1.197671890258789,0.18048162758350372,0.6463893055915833,-1.7410465478897095
-0.08815398812294006,0.232707217335701,-1.7385151386260986,-0.06467361748218536,0.4967062771320343,-1.3950188159942627,-0.11592216044664383,0.6003211736679077,-1.197901964187622,0.18516772985458374,0.6229588389396667,-1.6512320041656494
-0.06671120226383209,0.23950420320034027,-1.676964282989502,-0.07440479844808578,0.5049042105674744,-1.393293023109436,-0.1212235689163208,0.6143247485160828,-1.2007782459259033,0.1900562047958374,0.6133546233177185,-1.559384822845459
-0.043509189039468765,0.2525354027748108,-1.6200917959213257,-0.08350329101085663,0.5064367651939392,-1.3843194246292114,-0.13049039244651794,0.6285159587860107,-1.2061471939086914,0.18904459476470947,0.6141265034675598,-1.4683431386947632
-0.01848503388464451,0.2782013416290283,-1.5437380075454712,-0.09805624932050705,0.5144134759902954,-1.372929573059082,-0.14408214390277863,0.6460034251213074,-1.2174986600875854,0.17766033113002777,0.620628297328949,-1.3593155145645142
0.0006441862788051367,0.3155967891216278,-1.4638174772262573,-0.12345170974731445,0.5263649225234985,-1.3695547580718994,-0.1603466421365738,0.6701878309249878,-1.2394728660583496,0.15171366930007935,0.6279488801956177,-1.2977261543273926
0.009964900091290474,0.3559381663799286,-1.3801004886627197,-0.15768927335739136,0.5268009305000305,-1.3586634397506714,-0.17940405011177063,0.6877537369728088,-1.2632111310958862,0.11778873205184937,0.6211073398590088,-1.2973042726516724
0.014217383228242397,0.3859201669692993,-1.3094607591629028,-0.1857895404100418,0.5235486626625061,-1.35264253616333,-0.19455860555171967,0.6956071853637695,-1.2942743301391602,0.07819907367229462,0.6143307089805603,-1.2848790884017944
-0.017687227576971054,0.36823537945747375,-1.323496699333191,-0.2072082906961441,0.5247130393981934,-1.3599673509597778,-0.19463063776493073,0.6981393694877625,-1.3359986543655396,0.05061884969472885,0.6036362051963806,-1.2717634439468384
-0.03759617730975151,0.3661368489265442,-1.3214257955551147,-0.2191731482744217,0.5256932973861694,-1.3901869058609009,-0.1495889276266098,0.6908283829689026,-1.3985466957092285,0.03958740830421448,0.5922019481658936,-1.2590315341949463
-0.0396522581577301,0.36778900027275085,-1.3252606391906738,-0.22664883732795715,0.5456115007400513,-1.4474042654037476,-0.10200963914394379,0.6807636022567749,-1.4648146629333496,0.03221820294857025,0.5816876292228699,-1.248561978340149
-0.040096499025821686,0.36725956201553345,-1.3304762840270996,-0.22916333377361298,0.5667245984077454,-1.5498358011245728,-0.05350160226225853,0.6583484411239624,-1.5572752952575684,0.028805986046791077,0.5719237327575684,-1.2383993864059448
-0.04370785504579544,0.363160103559494,-1.327101469039917,-0.21757590770721436,0.5817503333091736,-1.6656513214111328,-0.01997063122689724,0.6424091458320618,-1.6534174680709839,0.027284808456897736,0.5654898881912231,-1.2280833721160889
-0.04765881597995758,0.36098170280456543,-1.3254141807556152,-0.1924506425857544,0.5900464057922363,-1.7656669616699219,-0.004761621821671724,0.6322067975997925,-1.7377097606658936,0.02560756728053093,0.5615122318267822,-1.2231746912002563
-0.04804176464676857,0.36250507831573486,-1.3257592916488647,-0.15536706149578094,0.5895212888717651,-1.8812906742095947,-0.0007058172486722469,0.632933497428894,-1.841982126235962,0.02633860521018505,0.5611404180526733,-1.2230212688446045
-0.048533663153648376,0.3637263774871826,-1.3251457214355469,-0.12215714901685715,0.5848231911659241,-1.961594581604004,-0.005707896314561367,0.6417204737663269,-1.9161500930786133,0.02684139646589756,0.5609520077705383,-1.2221776247024536
-0.04954061284661293,0.3644944727420807,-1.325222373008728,-0.08584576100111008,0.5756270885467529,-2.0641796588897705,-0.017502564936876297,0.6612852811813354,-2.008726119995117,0.026566028594970703,0.5631818771362305,-1.2237881422042847
-0.05052249878644943,0.36599111557006836,-1.3261427879333496,-0.04738893359899521,0.5584376454353333,-2.1612422466278076,-0.03098372370004654,0.6877959370613098,-2.092979907989502,0.02607467584311962,0.5662141442298889,-1.2245935201644897
-0.05042662471532822,0.3656310737133026,-1.3274083137512207,-0.004689960740506649,0.5157070755958557,-2.2649011611938477,-0.04468142241239548,0.7237045764923096,-2.174740791320801,0.02639852464199066,0.5691729187965393,-1.2277381420135498
-0.05000635236501694,0.36762478947639465,-1.3272548913955688,0.021382782608270645,0.4931064546108246,-2.348196268081665,-0.05460326001048088,0.7543955445289612,-2.2408173084259033,0.026793457567691803,0.5718252062797546,-1.228390097618103
-0.04802950471639633,0.3722008466720581,-1.327830195426941,0.050017956644296646,0.480467289686203,-2.427924871444702,-0.07319161295890808,0.8010817766189575,-2.3230385780334473,0.026733538135886192,0.5803356766700745,-1.2333372831344604
-0.045378800481557846,0.37541237473487854,-1.3274849653244019,0.06843634694814682,0.492153525352478,-2.4351344108581543,-0.08900345861911774,0.8201978802680969,-2.32599139213562,0.024407777935266495,0.5926451683044434,-1.2433465719223022
-0.041796885430812836,0.3783964514732361,-1.3269097805023193,0.08221574127674103,0.4972212314605713,-2.384091377258301,-0.10201751440763474,0.8283789753913879,-2.2720720767974854,0.02265780419111252,0.6002253293991089,-1.2513999938964844
-0.04457154497504234,0.38424691557884216,-1.3249539136886597,0.08603734523057938,0.5037845373153687,-2.317631483078003,-0.12258600443601608,0.8223904371261597,-2.1778855323791504,0.01652948185801506,0.605891227722168,-1.2587248086929321
-0.05341644585132599,0.3906468152999878,-1.3257209062576294,0.0868835523724556,0.4960176348686218,-2.2610278129577637,-0.13793040812015533,0.8005712032318115,-2.096392869949341,0.008033214136958122,0.608279287815094,-1.2605655193328857
-0.05880606546998024,0.3951762616634369,-1.3304380178451538,0.09109413623809814,0.48326000571250916,-2.223445177078247,-0.14598025381565094,0.7713846564292908,-2.015782117843628,0.0036377436481416225,0.6100382804870605,-1.2584178447723389
-0.06195681914687157,0.40007808804512024,-1.3381078243255615,0.10159614682197571,0.4626891314983368,-2.173130750656128,-0.14736850559711456,0.7418302297592163,-1.9465229511260986,-0.0006520608440041542,0.6111293435096741,-1.25653874874115
-0.06445008516311646,0.4049428403377533,-1.3466213941574097,0.11482399702072144,0.4226933717727661,-2.1062490940093994,-0.14693652093410492,0.6917519569396973,-1.854599118232727,-0.0018006297759711742,0.6113211512565613,-1.2561936378479004
-0.06570705771446228,0.40886226296424866,-1.3529490232467651,0.11885719746351242,0.39316481351852417,-2.0530200004577637,-0.14786012470722198,0.6608204245567322,-1.782808780670166,-0.0030720531940460205,0.6130131483078003,-1.2567689418792725
-0.06576615571975708,0.41445890069007874,-1.3598902225494385,0.11706825345754623,0.36818453669548035,-1.9934629201889038,-0.15112091600894928,0.6338594555854797,-1.7046141624450684,-0.0036581847816705704,0.6184906959533691,-1.2593382596969604
-0.06541861593723297,0.418364942073822,-1.3626514673233032,0.11115729808807373,0.34828096628189087,-1.9423431158065796,-0.15375718474388123,0.6141579747200012,-1.6334373950958252,-0.002314033918082714,0.6232130527496338,-1.263863444328308
-0.06407447159290314,0.42237964272499084,-1.365182638168335,0.10287866741418839,0.3321060836315155,-1.8824796676635742,-0.1558530479669571,0.5930188894271851,-1.5532869100570679,-0.0007697124965488911,0.6308598518371582,-1.2713799476623535
-0.06026211008429527,0.4272937476634979,-1.368940830230713,0.0931929424405098,0.3259614408016205,-1.8222708702087402,-0.15588627755641937,0.5752609372138977,-1.4630120992660522,0.001676986925303936,0.6382534503936768,-1.2788197994232178
-0.056500162929296494,0.43310660123825073,-1.3730442523956299,0.08797028660774231,0.3231813907623291,-1.7572301626205444,-0.15155503153800964,0.5655461549758911,-1.3884223699569702,0.004494101740419865,0.6449407339096069,-1.285454273223877
-0.05278559774160385,0.44014108180999756,-1.3790267705917358,0.08570773899555206,0.31915661692619324,-1.6689112186431885,-0.14149942994117737,0.5631409287452698,-1.309077262878418,0.00804088357836008,0.6526105999946594,-1.2919737100601196
-0.05011256784200668,0.44745200872421265,-1.384165644645691,0.08389756828546524,0.3207521438598633,-1.5854243040084839,-0.128488689661026,0.5601158738136292,-1.244304895401001,0.014587831683456898,0.658242404460907,-1.2978795766830444
-0.04321780428290367,0.4537666141986847,-1.3903398513793945,0.0856369286775589,0.3227766752243042,-1.4879781007766724,-0.12225659936666489,0.5539867877960205,-1.2382456064224243,0.02248406782746315,0.6638746857643127,-1.3035169839859009
-0.0360659584403038,0.4577331244945526,-1.395862102508545,0.08398933708667755,0.3202836513519287,-1.404069423675537,-0.11167885363101959,0.5541933178901672,-1.2332602739334106,0.0295411329716444,0.6665441393852234,-1.309000849723816
-0.031790878623723984,0.4662795066833496,-1.4054112434387207,0.06504877656698227,0.3204187750816345,-1.294696569442749,-0.09092491120100021,0.5541549324989319,-1.2265874147415161,0.03241460397839546,0.667754590511322,-1.313334345817566
-0.03200878947973251,0.47187504172325134,-1.4133495092391968,0.05281103402376175,0.32118627429008484,-1.2782062292099,-0.08170390874147415,0.5532802939414978,-1.2216403484344482,0.032618068158626556,0.6679819822311401,-1.3145232200622559
-0.03465757519006729,0.4839039742946625,-1.4357457160949707,0.057354699820280075,0.32155564427375793,-1.2876018285751343,-0.0833035558462143,0.5542629957199097,-1.2137020826339722,0.02793819271028042,0.6676704287528992,-1.3138328790664673
-0.034398507326841354,0.505662202835083,-1.4691098928451538,0.05364089459180832,0.33231568336486816,-1.2909382581710815,-0.0896080881357193,0.5577442049980164,-1.2138553857803345,0.019108282402157784,0.6662314534187317,-1.3157886266708374
-0.02371590957045555,0.5434427857398987,-1.5317728519439697,0.03809543699026108,0.34265875816345215,-1.3009475469589233,-0.09507206827402115,0.5642015337944031,-1.2155427932739258,0.010415060445666313,0.6647465229034424,-1.3221163749694824
0.0013371484819799662,0.5711069703102112,-1.625077247619629,0.03614892065525055,0.352397620677948,-1.3042839765548706,-0.09776551276445389,0.5668230652809143,-1.2071826457977295,-0.0007912842556834221,0.6618090271949768,-1.350456714630127
0.028181537985801697,0.5937296152114868,-1.71734619140625,0.04332391172647476,0.3556251525878906,-1.308157205581665,-0.09789350628852844,0.5700618028640747,-1.2015068531036377,-0.02158583328127861,0.6576676368713379,-1.410972237586975
0.04470093548297882,0.6116650700569153,-1.793009877204895,0.04609713330864906,0.3577114939689636,-1.310036301612854,-0.09555602818727493,0.5748412609100342,-1.2011232376098633,-0.04368693381547928,0.6461385488510132,-1.4724465608596802
0.055385660380125046,0.6246629953384399,-1.8845884799957275,0.04358263686299324,0.36758190393447876,-1.3205825090408325,-0.08913275599479675,0.5777785778045654,-1.1998578310012817,-0.06608270853757858,0.6342673897743225,-1.5589247941970825
0.05854401737451553,0.6234794855117798,-1.9653525352478027,0.04223848506808281,0.3862847089767456,-1.3312053680419922,-0.0818340927362442,0.584693431854248,-1.1997044086456299,-0.08030333369970322,0.6242390275001526,-1.6572530269622803
0.0566619448363781,0.6065400838851929,-2.035953998565674,0.042613010853528976,0.3927985727787018,-1.3412911891937256,-0.0790567696094513,0.5863603353500366,-1.1980937719345093,-0.08438392728567123,0.628383994102478,-1.750288724899292
0.05059463903307915,0.582765519618988,-2.1117711067199707,0.042756546288728714,0.39705681800842285,-1.3439756631851196,-0.07634860277175903,0.5925207734107971,-1.1971349716186523,-0.07981164008378983,0.6493289470672607,-1.8419824838638306
0.03865534067153931,0.5580589771270752,-2.187971353530884,0.041029173880815506,0.41382554173469543,-1.353102684020996,-0.07470922917127609,0.6019564270973206,-1.200394630432129,-0.06355418264865875,0.6867295503616333,-1.9364757537841797
0.01626688987016678,0.5156421065330505,-2.2823498249053955,0.03293735533952713,0.42536601424217224,-1.361693024635315,-0.07723872363567352,0.6174400448799133,-1.20879328250885,-0.03279745206236839,0.7398632764816284,-2.0433175563812256
-0.0020232282113283873,0.48570606112480164,-2.344590902328491,0.02485807240009308,0.43001261353492737,-1.3619232177734375,-0.08475666493177414,0.6299995183944702,-1.2160030603408813,-0.0018617829773575068,0.7816928625106812,-2.1259989738464355
-0.02474449761211872,0.45412927865982056,-2.406026840209961,0.011156267486512661,0.4381049573421478,-1.364262580871582,-0.09804443269968033,0.6431821584701538,-1.2252452373504639,0.041859958320856094,0.8282447457313538,-2.223100185394287
-0.0462450236082077,0.42485320568084717,-2.428614616394043,-0.010491079650819302,0.4468281865119934,-1.3660650253295898,-0.11391483247280121,0.6601402163505554,-1.2374403476715088,0.08441265672445297,0.867780327796936,-2.30643367767334
-0.06834886968135834,0.3961354196071625,-2.389613389968872,-0.030201567336916924,0.45189332962036133,-1.3665635585784912,-0.12388625741004944,0.6785462498664856,-1.248024821281433,0.12222179025411606,0.8909599781036377,-2.3457419872283936
-0.08701206743717194,0.37169960141181946,-2.3202390670776367,-0.042503613978624344,0.45265188813209534,-1.36368727684021,-0.13366292417049408,0.6862859129905701,-1.256385087966919,0.14975880086421967,0.9010754227638245,-2.328676462173462
-0.09932582825422287,0.3438986539840698,-2.226167678833008,-0.04711342975497246,0.4555610418319702,-1.363303780555725,-0.13842745125293732,0.6890608072280884,-1.2572287321090698,0.17446096241474152,0.889317512512207,-2.2566559314727783
-0.1030014231801033,0.315939724445343,-2.147052764892578,-0.04844067245721817,0.4551917314529419,-1.3657965660095215,-0.13917018473148346,0.685413658618927,-1.2527419328689575,0.1829378604888916,0.8539274334907532,-2.157177209854126
-0.1046217605471611,0.28727373480796814,-2.0656368732452393,-0.0500473789870739,0.4555613100528717,-1.3750003576278687,-0.13765770196914673,0.6767720580101013,-1.239971399307251,0.17722487449645996,0.8010064363479614,-2.0652918815612793
-0.10887724906206131,0.2630653381347656,-1.9927726984024048,-0.04620318114757538,0.4558737576007843,-1.3822101354599,-0.13307644426822662,0.6685881614685059,-1.227431058883667,0.1676628291606903,0.7488170266151428,-1.9967995882034302
-0.11487018316984177,0.24140359461307526,-1.915191411972046,-0.042571138590574265,0.4569278061389923,-1.390762209892273,-0.125814288854599,0.6614834070205688,-1.21431565284729,0.15926460921764374,0.6878529787063599,-1.9146932363510132
-0.11999449878931046,0.22719523310661316,-1.8460090160369873,-0.04204246401786804,0.4583299458026886,-1.3971664905548096,-0.11837343871593475,0.6591383814811707,-1.2051500082015991,0.15484489500522614,0.6389143466949463,-1.8378024101257324
-0.11984795331954956,0.2184135466814041,-1.7841126918792725,-0.04260681942105293,0.4663486182689667,-1.3995057344436646,-0.11367727816104889,0.6593301296234131,-1.198592185974121,0.1569950133562088,0.6044202446937561,-1.756961703300476
-0.10997726768255234,0.21688394248485565,-1.7330695390701294,-0.04360342398285866,0.48335766792297363,-1.402458667755127,-0.11095959693193436,0.6622234582901001,-1.1962913274765015,0.16302306950092316,0.5805913209915161,-1.6808762550354004
-0.08672348409891129,0.22178961336612701,-1.6678754091262817,-0.04794226214289665,0.4848257005214691,-1.399620771408081,-0.11171925067901611,0.6749420762062073,-1.1967897415161133,0.1709822565317154,0.5643932819366455,-1.5868815183639526
-0.05717936158180237,0.23242342472076416,-1.60153067111969,-0.05421248450875282,0.48728716373443604,-1.388384461402893,-0.11512278020381927,0.6874407529830933,-1.2013150453567505,0.17442384362220764,0.5584222078323364,-1.4806532859802246
-0.031115857884287834,0.2562105655670166,-1.535838007926941,-0.06718543916940689,0.49987339973449707,-1.3838975429534912,-0.1238718032836914,0.7036238312721252,-1.2159262895584106,0.16536615788936615,0.5656214952468872,-1.391107201576233
-0.0077727800235152245,0.291939914226532,-1.4629355669021606,-0.09060753881931305,0.5098509788513184,-1.3781450986862183,-0.136531263589859,0.7257565259933472,-1.2334519624710083,0.14229460060596466,0.5828359723091125,-1.309576153755188
0.0034689020831137896,0.32700246572494507,-1.376879334449768,-0.12070568650960922,0.5062597990036011,-1.3617315292358398,-0.1516929417848587,0.7474850416183472,-1.2583791017532349,0.11106859147548676,0.5717805027961731,-1.3036319017410278
0.006207811180502176,0.3547949194908142,-1.3070447444915771,-0.14724746346473694,0.5050801038742065,-1.350226640701294,-0.169406458735466,0.7585518956184387,-1.2837281227111816,0.07521472871303558,0.567164957523346,-1.292932391166687
-0.027440469712018967,0.34025415778160095,-1.3191248178482056,-0.1694457232952118,0.506159782409668,-1.3542532920837402,-0.1803237497806549,0.764478862285614,-1.3159418106079102,0.046593792736530304,0.5572166442871094,-1.277247428894043
-0.045000236481428146,0.33979496359825134,-1.3143693208694458,-0.18382596969604492,0.5061363577842712,-1.384894609451294,-0.1518324464559555,0.7561650276184082,-1.3718937635421753,0.037793055176734924,0.5470330715179443,-1.2653590440750122
-0.04566861316561699,0.340908408164978,-1.31551992893219,-0.19782951474189758,0.525052011013031,-1.4494367837905884,-0.10726804286241531,0.7392644882202148,-1.4421883821487427,0.03274523466825485,0.5363028049468994,-1.2533174753189087
-0.045297376811504364,0.3416149318218231,-1.3177825212478638,-0.21268968284130096,0.5524987578392029,-1.5821261405944824,-0.054919853806495667,0.705240786075592,-1.5481098890304565,0.029310692101716995,0.5252354145050049,-1.2380926609039307
-0.04643614962697029,0.3384382724761963,-1.3142160177230835,-0.21037666499614716,0.5748605728149414,-1.699705958366394,-0.025573838502168655,0.6835602521896362,-1.649045705795288,0.029166333377361298,0.5195195078849792,-1.2268178462982178
-0.04675945267081261,0.33617326617240906,-1.3121834993362427,-0.18626734614372253,0.5841656923294067,-1.8194329738616943,-0.014843367971479893,0.6699897646903992,-1.7423501014709473,0.029059026390314102,0.5168097019195557,-1.2239031791687012
-0.04653147608041763,0.33679890632629395,-1.3116081953048706,-0.1545058637857437,0.5788487195968628,-1.918604850769043,-0.01562836952507496,0.6664130091667175,-1.8308991193771362,0.030917948111891747,0.5167993307113647,-1.2229446172714233
-0.046387940645217896,0.3378044664859772,-1.311876654624939,-0.12067493051290512,0.5567511320114136,-2.017239809036255,-0.024428078904747963,0.672531008720398,-1.915268063545227,0.03155146539211273,0.5158305764198303,-1.2205286026000977
-0.04630405083298683,0.3385360836982727,-1.3144077062606812,-0.08120924234390259,0.528519868850708,-2.130141019821167,-0.037551626563072205,0.6908135414123535,-2.0141332149505615,0.03164707124233246,0.5174010396003723,-1.2208353281021118
-0.04558417201042175,0.3403100371360779,-1.3187795877456665,-0.03256608918309212,0.48968684673309326,-2.2644026279449463,-0.053563375025987625,0.7215288281440735,-2.1232759952545166,0.03329137712717056,0.5186833739280701,-1.220566987991333
-0.0437244288623333,0.3420608341693878,-1.3214640617370605,-0.008575588464736938,0.47628524899482727,-2.3259150981903076,-0.06233527883887291,0.7421591877937317,-2.1748178005218506,0.034836240112781525,0.5201836228370667,-1.221027135848999
-0.03936299309134483,0.34627899527549744,-1.32418692111969,0.024509023874998093,0.4632304012775421,-2.4072160720825195,-0.08027757704257965,0.7805705666542053,-2.2454957962036133,0.03743736445903778,0.5255781412124634,-1.2239032983779907
-0.03503613919019699,0.3487352132797241,-1.324033498764038,0.04912243038415909,0.46499645709991455,-2.433408737182617,-0.10272759199142456,0.8119898438453674,-2.270653009414673,0.040074169635772705,0.5327353477478027,-1.2294255495071411
-0.031129831448197365,0.3514932096004486,-1.3243403434753418,0.06416831165552139,0.4721965193748474,-2.423246383666992,-0.1217852532863617,0.8450818657875061,-2.2506344318389893,0.04104188084602356,0.5406303405761719,-1.238476037979126
-0.028301823884248734,0.3562147319316864,-1.323956847190857,0.07307012379169464,0.4807687997817993,-2.370208740234375,-0.15406040847301483,0.8481170535087585,-2.1689884662628174,0.038153406232595444,0.5507302284240723,-1.2479867935180664
-0.027560995891690254,0.36102205514907837,-1.3236500024795532,0.07570364326238632,0.4813995957374573,-2.3126847743988037,-0.17537707090377808,0.8471043705940247,-2.0766043663024902,0.035707809031009674,0.5543739795684814,-1.2511698007583618
-0.028471797704696655,0.36662739515304565,-1.3249539136886597,0.07247743010520935,0.4806908369064331,-2.2634437084198,-0.1906718909740448,0.8284135460853577,-1.994920015335083,0.03436693921685219,0.5579450130462646,-1.2517451047897339
-0.0282073225826025,0.36818504333496094,-1.3280986547470093,0.07574042677879333,0.47029945254325867,-2.2218730449676514,-0.19428563117980957,0.7964175343513489,-1.9028428792953491,0.0340210422873497,0.5597045421600342,-1.2512848377227783
-0.026265056803822517,0.3716392517089844,-1.3341578245162964,0.07973144203424454,0.45904475450515747,-2.1786913871765137,-0.1949472427368164,0.7701045274734497,-1.826642394065857,0.03475125879049301,0.5603410601615906,-1.2507096529006958
-0.025067729875445366,0.3756643235683441,-1.3414442539215088,0.08548277616500854,0.44706112146377563,-2.1264593601226807,-0.19391468167304993,0.7286499738693237,-1.7425801753997803,0.03460826724767685,0.5613229274749756,-1.2499042749404907
-0.023484990000724792,0.3792846202850342,-1.3487688302993774,0.0883423462510109,0.4227977395057678,-2.0695483684539795,-0.1947287917137146,0.698932945728302,-1.6665714979171753,0.036119379103183746,0.562258243560791,-1.2502493858337402
-0.020835381001234055,0.3843901753425598,-1.356707215309143,0.08835487812757492,0.4008423686027527,-2.0072689056396484,-0.1973309963941574,0.6780979037284851,-1.5820108652114868,0.03823976218700409,0.5661909580230713,-1.2525503635406494
-0.017611075192689896,0.38854843378067017,-1.3613859415054321,0.08357015252113342,0.38864821195602417,-1.955036997795105,-0.2006879597902298,0.662205159664154,-1.5098369121551514,0.0407937690615654,0.571200966835022,-1.2556184530258179
-0.01280430518090725,0.3938579857349396,-1.3654509782791138,0.07181089371442795,0.3855881989002228,-1.8961704969406128,-0.20346610248088837,0.6461381316184998,-1.4068684577941895,0.045732371509075165,0.579123854637146,-1.264132022857666
-0.0067266603000462055,0.39925119280815125,-1.3690942525863647,0.06120622158050537,0.39047911763191223,-1.8433247804641724,-0.20316128432750702,0.636086106300354,-1.3292490243911743,0.050753481686115265,0.5874425768852234,-1.2719168663024902
0.00010297866538167,0.40614208579063416,-1.3730442523956299,0.04742409661412239,0.39852380752563477,-1.7700388431549072,-0.19569237530231476,0.636868953704834,-1.246260643005371,0.05703458935022354,0.5974477529525757,-1.2816193103790283
0.010076867416501045,0.4113898277282715,-1.3753834962844849,0.039552103728055954,0.41605260968208313,-1.6910388469696045,-0.18977463245391846,0.619178295135498,-1.2221771478652954,0.0686628520488739,0.6051416397094727,-1.2899411916732788
0.023407433182001114,0.41607457399368286,-1.3779913187026978,0.03553985059261322,0.4345969259738922,-1.6118086576461792,-0.17262540757656097,0.6186188459396362,-1.220029592514038,0.08086443692445755,0.6093804836273193,-1.2980328798294067
0.03695118799805641,0.42187821865081787,-1.384165644645691,0.028322061523795128,0.4662996530532837,-1.5084952116012573,-0.14348739385604858,0.6207411289215088,-1.218994140625,0.09617863595485687,0.6100132465362549,-1.301407814025879
0.044788870960474014,0.4332441985607147,-1.3907616138458252,0.012716681696474552,0.5184078812599182,-1.4090931415557861,-0.12053518742322922,0.6229214668273926,-1.2188023328781128,0.105137899518013,0.6106385588645935,-1.3040539026260376
0.04614144191145897,0.4449399709701538,-1.3983166217803955,0.00787594448775053,0.5453898310661316,-1.3728911876678467,-0.10822609812021255,0.6212900280952454,-1.2150826454162598,0.10937702655792236,0.6140930652618408,-1.3070067167282104
0.042147405445575714,0.46274012327194214,-1.413541316986084,0.017195016145706177,0.5371639132499695,-1.379640817642212,-0.10933193564414978,0.6246017813682556,-1.2125898599624634,0.10454108566045761,0.6194276809692383,-1.309806227684021
0.03682969510555267,0.4831424653530121,-1.431143879890442,0.004004082176834345,0.5422552227973938,-1.377263069152832,-0.11359913647174835,0.6328084468841553,-1.2194544076919556,0.09719996154308319,0.6226794123649597,-1.3136028051376343
0.03311349079012871,0.5217639207839966,-1.5013234615325928,-0.019726533442735672,0.5428538918495178,-1.3792572021484375,-0.11850965768098831,0.6443389654159546,-1.232493281364441,0.08658625185489655,0.6254647374153137,-1.3272552490234375
0.031459394842386246,0.5535522103309631,-1.5815889835357666,-0.025492249056696892,0.5444246530532837,-1.3740416765213013,-0.12239474803209305,0.6476691961288452,-1.2270859479904175,0.07023648172616959,0.6235793232917786,-1.3672537803649902
0.03914950415492058,0.5857541561126709,-1.664654016494751,-0.016927840188145638,0.5470611453056335,-1.3694781064987183,-0.12420134246349335,0.6494300365447998,-1.2168081998825073,0.039367783814668655,0.6208177804946899,-1.4502805471420288
0.04407008737325668,0.613103985786438,-1.7636724710464478,-0.01069118082523346,0.5502007603645325,-1.3708970546722412,-0.12095006555318832,0.6477625966072083,-1.2082563638687134,0.015014264732599258,0.6128160953521729,-1.5316197872161865
0.04569830000400543,0.6171747446060181,-1.8574371337890625,-0.0062177772633731365,0.554242730140686,-1.3777616024017334,-0.11291734129190445,0.6440829038619995,-1.200049638748169,-0.009603798389434814,0.6023776531219482,-1.6342815160751343
0.04121318832039833,0.5964218378067017,-1.9511631727218628,0.0020276429131627083,0.5609757304191589,-1.3854315280914307,-0.1032831072807312,0.6412665843963623,-1.191114068031311,-0.02365170791745186,0.597777247428894,-1.7463388442993164
0.03588047996163368,0.5694275498390198,-2.054093360900879,0.008222665637731552,0.5666667819023132,-1.3926029205322266,-0.09731908142566681,0.6365578174591064,-1.1820251941680908,-0.027183493599295616,0.6022319793701172,-1.8458940982818604
0.025645950809121132,0.5265910625457764,-2.1587493419647217,0.011334730312228203,0.5704423785209656,-1.3955941200256348,-0.09273186326026917,0.6361637711524963,-1.1760042905807495,-0.02122075855731964,0.6197973489761353,-1.9407709836959839
0.011990713886916637,0.4850665330886841,-2.253434181213379,0.010997254401445389,0.5794275403022766,-1.3991222381591797,-0.09100668132305145,0.6397626399993896,-1.1750456094741821,-0.005705775693058968,0.6512855887413025,-2.0392138957977295
-0.002606346271932125,0.4453374147415161,-2.3407561779022217,0.00695528369396925,0.5847278833389282,-1.3992372751235962,-0.09420865774154663,0.6477705240249634,-1.1770013570785522,0.020954538136720657,0.6889169216156006,-2.14406156539917
-0.015885964035987854,0.41580045223236084,-2.401156425476074,-0.0013519776985049248,0.5882495045661926,-1.3972814083099365,-0.09895551204681396,0.6580415368080139,-1.1826003789901733,0.05371208116412163,0.7278441786766052,-2.222640037536621
-0.03498039394617081,0.38522869348526,-2.4181454181671143,-0.016156330704689026,0.5923754572868347,-1.3944052457809448,-0.10924941301345825,0.6720525026321411,-1.1911524534225464,0.09227649867534637,0.7746226787567139,-2.307238817214966
-0.05838613584637642,0.3572744131088257,-2.375577449798584,-0.03449191898107529,0.5965484380722046,-1.390647053718567,-0.12016759067773819,0.6869843006134033,-1.2015835046768188,0.12854480743408203,0.8172679543495178,-2.3660287857055664
-0.07779537886381149,0.3325901925563812,-2.297152519226074,-0.04663734883069992,0.5991206169128418,-1.3815199136734009,-0.12579989433288574,0.7005237936973572,-1.2100204229354858,0.1659759134054184,0.8454792499542236,-2.3494999408721924
-0.08675573766231537,0.3140266239643097,-2.2161202430725098,-0.05272287130355835,0.5998511910438538,-1.3772246837615967,-0.1314057856798172,0.7059251070022583,-1.2165015935897827,0.19138294458389282,0.853653609752655,-2.2724556922912598
-0.08442422747612,0.2953565716743469,-2.1296420097351074,-0.054842159152030945,0.6010492444038391,-1.3771480321884155,-0.1330702155828476,0.7033541202545166,-1.2115161418914795,0.19829943776130676,0.8309904932975769,-2.1743195056915283
-0.08193232864141464,0.2744653522968292,-2.05374813079834,-0.05532016232609749,0.600606381893158,-1.378912091255188,-0.1328185498714447,0.695934534072876,-1.2013534307479858,0.18942123651504517,0.7909796833992004,-2.0934019088745117
-0.08576242625713348,0.24999575316905975,-1.966809868812561,-0.05249270424246788,0.6008104085922241,-1.3857766389846802,-0.1292060911655426,0.6864579319953918,-1.1885063648223877,0.17016121745109558,0.7231778502464294,-2.012254238128662
-0.09643111377954483,0.23378245532512665,-1.8909927606582642,-0.04940050095319748,0.601326584815979,-1.3905704021453857,-0.12266243249177933,0.6821213364601135,-1.1813732385635376,0.15578672289848328,0.6694669723510742,-1.9391217231750488
-0.10808957368135452,0.21940438449382782,-1.816786527633667,-0.04798609018325806,0.6016741394996643,-1.3940600156784058,-0.11517228931188583,0.6804332137107849,-1.1737034320831299,0.14363498985767365,0.6116581559181213,-1.8531421422958374
-0.11394110321998596,0.21080300211906433,-1.7487928867340088,-0.04611737281084061,0.603963315486908,-1.395057201385498,-0.10839058458805084,0.6824487447738647,-1.1686795949935913,0.1377289593219757,0.5730175375938416,-1.7779388427734375
-0.11345762014389038,0.2079322636127472,-1.6794568300247192,-0.04548248276114464,0.6123660206794739,-1.3945969343185425,-0.1027340292930603,0.6869698166847229,-1.1670689582824707,0.1345556229352951,0.5443172454833984,-1.6980568170547485
-0.09853315353393555,0.21293242275714874,-1.613112211227417,-0.04587987810373306,0.6245111227035522,-1.3939834833145142,-0.09802724421024323,0.6976631283760071,-1.168296217918396,0.13468770682811737,0.530926525592804,-1.6194401979446411
-0.07618935406208038,0.22452501952648163,-1.5485315322875977,-0.047102540731430054,0.6327620148658752,-1.3903403282165527,-0.09729784727096558,0.709193766117096,-1.1730514764785767,0.13341683149337769,0.5283181071281433,-1.5391747951507568
-0.04785672575235367,0.2453969568014145,-1.4655815362930298,-0.0500405989587307,0.6352652907371521,-1.3795257806777954,-0.09895496815443039,0.7262606620788574,-1.1827538013458252,0.12512560188770294,0.5346169471740723,-1.433713436126709
-0.020796895027160645,0.28138235211372375,-1.3793718814849854,-0.061097174882888794,0.6406604051589966,-1.370245099067688,-0.10420405119657516,0.7492722868919373,-1.2010467052459717,0.10220272094011307,0.5520954132080078,-1.3412528038024902
-0.0004774003755301237,0.31714656949043274,-1.301560640335083,-0.07756706327199936,0.6495783925056458,-1.3644160032272339,-0.11158989369869232,0.7706273794174194,-1.2238645553588867,0.07347597926855087,0.563302218914032,-1.2859911918640137
0.005586207378655672,0.3424951732158661,-1.250747561454773,-0.10159707814455032,0.6569322943687439,-1.3634189367294312,-0.12392466515302658,0.7905677556991577,-1.259299635887146,0.04777393490076065,0.5549927949905396,-1.2822328805923462
-0.03407178446650505,0.3319839835166931,-1.2581874132156372,-0.13220232725143433,0.6610687375068665,-1.365106225013733,-0.1284564733505249,0.7999840378761292,-1.3168621063232422,0.023246603086590767,0.5517295002937317,-1.2692323923110962
-0.04755068197846413,0.3371731638908386,-1.2567684650421143,-0.1567833423614502,0.6586111783981323,-1.381980061531067,-0.09998217970132828,0.7863152027130127,-1.3715101480484009,0.012145722284913063,0.5446048974990845,-1.2603737115859985
-0.04844977334141731,0.34437403082847595,-1.2690786123275757,-0.1847997009754181,0.6767180562019348,-1.4528499841690063,-0.05902961641550064,0.7707476615905762,-1.4506635665893555,0.006932583637535572,0.536987841129303,-1.2489455938339233
-0.05018721520900726,0.34784838557243347,-1.273603916168213,-0.20090103149414062,0.6843211054801941,-1.540401816368103,-0.026525454595685005,0.744392991065979,-1.526902437210083,0.006042258348315954,0.529377281665802,-1.2349863052368164
-0.05037868767976761,0.3481098413467407,-1.2723767757415771,-0.2040405571460724,0.688091516494751,-1.6417980194091797,0.0063105011358857155,0.7273702025413513,-1.6138408184051514,0.010773561894893646,0.5233672261238098,-1.2249003648757935
-0.04975441098213196,0.3468874394893646,-1.2723383903503418,-0.19026465713977814,0.6838828325271606,-1.7304238080978394,0.019060827791690826,0.7195949554443359,-1.6972893476486206,0.014306717552244663,0.5213530659675598,-1.2203367948532104
-0.04766833782196045,0.34737008810043335,-1.2745627164840698,-0.16358064115047455,0.6760075688362122,-1.8331620693206787,0.019927730783820152,0.719708263874054,-1.7874491214752197,0.01705493964254856,0.5198452472686768,-1.2174606323242188
-0.04340085759758949,0.34914129972457886,-1.2785893678665161,-0.1334991455078125,0.659073531627655,-1.9330244064331055,0.008574013598263264,0.7269620299339294,-1.8677914142608643,0.021414732560515404,0.5189328193664551,-1.2159650325775146
-0.03876323252916336,0.34826621413230896,-1.283306360244751,-0.09745005518198013,0.617393434047699,-2.0342671871185303,-0.00742602301761508,0.738781750202179,-1.9490540027618408,0.02426588162779808,0.5182870030403137,-1.2156198024749756
-0.032755300402641296,0.3493956923484802,-1.2902475595474243,-0.06292486935853958,0.5746718645095825,-2.1286067962646484,-0.02232077158987522,0.7551565766334534,-2.0228002071380615,0.0275762677192688,0.51780766248703,-1.2145076990127563
-0.026574179530143738,0.3515504002571106,-1.2977640628814697,-0.03404261916875839,0.5414281487464905,-2.219533681869507,-0.03655939921736717,0.7730465531349182,-2.0975050926208496,0.03390366584062576,0.5174603462219238,-1.2146610021591187
-0.021025758236646652,0.35300132632255554,-1.302979588508606,-0.008366446942090988,0.5120165348052979,-2.3182454109191895,-0.05259675905108452,0.7965735197067261,-2.175201416015625,0.039356209337711334,0.5182418823242188,-1.21481454372406
-0.015404333360493183,0.35709014534950256,-1.3085403442382812,0.00935931783169508,0.4988921582698822,-2.3949060440063477,-0.06991177052259445,0.8170442581176758,-2.244000196456909,0.043731000274419785,0.5206406116485596,-1.2170003652572632
-0.009629307314753532,0.36176204681396484,-1.3135257959365845,0.02463509514927864,0.4967312216758728,-2.461442232131958,-0.09067852050065994,0.8458755016326904,-2.302022933959961,0.048235975205898285,0.5260223150253296,-1.221257209777832
-0.004187647253274918,0.36514216661453247,-1.315059781074524,0.0409194678068161,0.505794882774353,-2.4642035961151123,-0.11731678247451782,0.8633820414543152,-2.2970757484436035,0.0518067292869091,0.5357189178466797,-1.2317265272140503
0.0016709950286895037,0.36942243576049805,-1.3169771432876587,0.05547865480184555,0.5112065672874451,-2.415039300918579,-0.1403624415397644,0.8754692077636719,-2.229504346847534,0.0534229576587677,0.5436001420021057,-1.2410838603973389
0.001629015663638711,0.37845852971076965,-1.3183577060699463,0.058997638523578644,0.5214882493019104,-2.345320224761963,-0.17026500403881073,0.8740931153297424,-2.140303134918213,0.05054344981908798,0.5504891276359558,-1.247718334197998
-0.004109236877411604,0.38380271196365356,-1.3211573362350464,0.05439130961894989,0.517528772354126,-2.2976133823394775,-0.19346942007541656,0.8556427955627441,-2.0376412868499756,0.04504434019327164,0.5536674857139587,-1.2496742010116577
-0.004538477398455143,0.3881412446498871,-1.3298243284225464,0.054025277495384216,0.5073282718658447,-2.26302170753479,-0.2027372568845749,0.8301585912704468,-1.9549214839935303,0.0433066263794899,0.5564818382263184,-1.2489455938339233
-0.0011940565891563892,0.3907895088195801,-1.3368805646896362,0.059200819581747055,0.4915735721588135,-2.214778184890747,-0.20663322508335114,0.7985946536064148,-1.8728151321411133,0.04513096436858177,0.5568531155586243,-1.2481402158737183
0.0005068813916295767,0.39363083243370056,-1.3417893648147583,0.06671766936779022,0.46430397033691406,-2.1653075218200684,-0.2104436606168747,0.7647107839584351,-1.7950806617736816,0.04668782278895378,0.5575244426727295,-1.2481786012649536
0.004298279993236065,0.39855527877807617,-1.3489990234375,0.06767010688781738,0.4369843602180481,-2.1060574054718018,-0.21708375215530396,0.7421668767929077,-1.7108651399612427,0.04955478757619858,0.5609773397445679,-1.250096082687378
0.011608108878135681,0.40231722593307495,-1.353677749633789,0.06335470080375671,0.41775208711624146,-2.0559730529785156,-0.2238071709871292,0.730221688747406,-1.628682255744934,0.05506972596049309,0.5656870603561401,-1.2544679641723633
0.019087085500359535,0.40579262375831604,-1.3550583124160767,0.05375231057405472,0.4059787690639496,-2.0047762393951416,-0.2294737994670868,0.720981776714325,-1.5449267625808716,0.06339903175830841,0.5728318691253662,-1.2613708972930908
0.02613436058163643,0.4092089831829071,-1.3560553789138794,0.043024513870477676,0.40267491340637207,-1.9566859006881714,-0.2323121428489685,0.712749719619751,-1.4650830030441284,0.07111714780330658,0.5795071125030518,-1.2694240808486938
0.03503946214914322,0.4143376648426056,-1.3580878973007202,0.02850346639752388,0.40820759534835815,-1.8947514295578003,-0.2306419461965561,0.7094542980194092,-1.3760738372802734,0.07948322594165802,0.5876324772834778,-1.2774008512496948
0.04533391073346138,0.41907256841659546,-1.3603122234344482,0.014610463753342628,0.42193421721458435,-1.8216571807861328,-0.2209169864654541,0.7081009745597839,-1.2874480485916138,0.09013748168945312,0.5943424701690674,-1.2853392362594604
0.0553426556289196,0.4253280460834503,-1.3652209043502808,0.0035261507146060467,0.4447633922100067,-1.7407398223876953,-0.20465795695781708,0.6975025534629822,-1.2345256805419922,0.10149990022182465,0.5997359752655029,-1.2935843467712402
0.07081674784421921,0.4303848147392273,-1.3703981637954712,0.0004625716246664524,0.48116111755371094,-1.6541081666946411,-0.1932467818260193,0.6932514309883118,-1.233873724937439,0.11504344642162323,0.6041188836097717,-1.2992985248565674
0.08261601626873016,0.43389594554901123,-1.3775311708450317,-0.002379333134740591,0.5188082456588745,-1.5656358003616333,-0.1719425916671753,0.6934516429901123,-1.2332218885421753,0.12809208035469055,0.6035659909248352,-1.304399013519287
0.09361177682876587,0.44393274188041687,-1.3886524438858032,-0.01269720122218132,0.5683183670043945,-1.4518911838531494,-0.14990852773189545,0.6895998120307922,-1.2328383922576904,0.1371120810508728,0.6020567417144775,-1.3067383766174316
0.09622351825237274,0.45612043142318726,-1.4077504873275757,-0.026374217122793198,0.614233672618866,-1.3862751722335815,-0.13487161695957184,0.6862896680831909,-1.2338738441467285,0.1394214779138565,0.5999336242675781,-1.3121838569641113
0.08925274014472961,0.47723180055618286,-1.4255447387695312,-0.015589715912938118,0.6103944778442383,-1.3926029205322266,-0.1315479576587677,0.6852855086326599,-1.2339122295379639,0.12439997494220734,0.5984017848968506,-1.3213493824005127
0.0809294581413269,0.49789369106292725,-1.4547287225723267,-0.0192558616399765,0.613389790058136,-1.3917975425720215,-0.13374380767345428,0.6899182200431824,-1.2360981702804565,0.09911462664604187,0.5988215804100037,-1.3366508483886719
0.07533199340105057,0.5356625318527222,-1.5251383781433105,-0.0318240262567997,0.615034818649292,-1.3950188159942627,-0.13660556077957153,0.6963730454444885,-1.2412753105163574,0.06747162342071533,0.5988790392875671,-1.368366003036499
0.07087742537260056,0.5659921765327454,-1.618634581565857,-0.030757635831832886,0.6157670021057129,-1.3929095268249512,-0.1360529214143753,0.6957104206085205,-1.2357912063598633,0.029877377673983574,0.5932129621505737,-1.4248547554016113
0.07139220833778381,0.5989670157432556,-1.7237507104873657,-0.017193136736750603,0.6176507472991943,-1.3944435119628906,-0.13168573379516602,0.6923081874847412,-1.2252835035324097,-0.008169527165591717,0.588524341583252,-1.5321950912475586
0.06824986636638641,0.6080983877182007,-1.8095767498016357,-0.009525423869490623,0.6196381449699402,-1.4010779857635498,-0.11847609281539917,0.690510630607605,-1.2197611331939697,-0.030468061566352844,0.5809173583984375,-1.6119621992111206
0.06322574615478516,0.6041353344917297,-1.898547649383545,-0.0003444119356572628,0.6246969103813171,-1.409246563911438,-0.10629088431596756,0.6878141760826111,-1.2124748229980469,-0.043691251426935196,0.5858748555183411,-1.7217950820922852
0.0530996173620224,0.5851187705993652,-1.9944597482681274,0.008583836257457733,0.6300802230834961,-1.4135034084320068,-0.10013674199581146,0.6849616169929504,-1.2066457271575928,-0.0468231737613678,0.6022385358810425,-1.8143326044082642
0.037984494119882584,0.548292338848114,-2.0926730632781982,0.012820499017834663,0.6336591839790344,-1.4177217483520508,-0.0974634438753128,0.6834791302680969,-1.202388882637024,-0.03962660953402519,0.6290764212608337,-1.9247407913208008
0.026121757924556732,0.5084232091903687,-2.1757380962371826,0.012472407892346382,0.6346770524978638,-1.4182970523834229,-0.09699064493179321,0.6855638027191162,-1.2014684677124023,-0.021894546225667,0.6587780117988586,-2.014056921005249
0.015625769272446632,0.47020745277404785,-2.2777860164642334,0.010119938291609287,0.6356368660926819,-1.4159960746765137,-0.09956725686788559,0.6901333928108215,-1.2045364379882812,0.0062370868399739265,0.6968534588813782,-2.1084349155426025
0.005038767587393522,0.4360365867614746,-2.356210947036743,0.0017494717612862587,0.6371114253997803,-1.412621259689331,-0.10777535289525986,0.696377158164978,-1.209023356437683,0.039415452629327774,0.7320361733436584,-2.2076833248138428
-0.016048330813646317,0.39702683687210083,-2.396017551422119,-0.015006667003035545,0.6388848423957825,-1.4089014530181885,-0.11783038824796677,0.708470344543457,-1.2170767784118652,0.0819733515381813,0.7703865170478821,-2.293701648712158
-0.04309837520122528,0.3606721758842468,-2.371013879776001,-0.033942289650440216,0.6403390765190125,-1.4015382528305054,-0.1283332109451294,0.7221563458442688,-1.2283130884170532,0.12096426635980606,0.8042150139808655,-2.3623087406158447
