0.010914569720625877,-0.019487934187054634,-0.09129100292921066,0.9955736994743347
0.010901614092290401,-0.019493428990244865,-0.09128819406032562,0.9955739974975586
0.010991773568093777,-0.02033919095993042,-0.09118005633354187,0.9955660104751587
0.011695672757923603,-0.021348854526877403,-0.09148102253675461,0.9955092668533325
0.012063211761415005,-0.020600132644176483,-0.09225647151470184,0.9954490661621094
0.016084561124444008,-0.01841936819255352,-0.0934651717543602,0.9953221678733826
0.020642707124352455,-0.01632232777774334,-0.09468928724527359,0.9951589703559875
0.02550486847758293,-0.01360226795077324,-0.09641091525554657,0.9949218034744263
0.028460487723350525,-0.010572703555226326,-0.09795255213975906,0.9947278499603271
0.02921070158481598,-0.007061862386763096,-0.09947783499956131,0.9945858716964722
0.027716699987649918,-0.00357040879316628,-0.10107219964265823,0.9944865107536316
0.023700784891843796,-0.0001273313391720876,-0.10283620655536652,0.9944158792495728
0.019569534808397293,0.003194191260263324,-0.10438776761293411,0.9943389892578125
0.015575239434838295,0.005453487392514944,-0.10576032102108002,0.9942547082901001
0.011897753924131393,0.007314066402614117,-0.10687677562236786,0.9941741824150085
0.008030354045331478,0.0086281169205904,-0.10781390219926834,0.9941012263298035
0.0030109661165624857,0.009935285896062851,-0.1083882674574852,0.9940544366836548
-0.0043689897283911705,0.0111473947763443,-0.10864320397377014,0.9940087199211121
-0.010865630581974983,0.012220939621329308,-0.10826100409030914,0.9939879775047302
-0.01700606755912304,0.013093965128064156,-0.10753459483385086,0.9939696192741394
-0.020926276221871376,0.013351455330848694,-0.10639791935682297,0.9940137267112732
-0.02232472412288189,0.0134685467928648,-0.10505282878875732,0.9941247701644897
-0.021824685856699944,0.013544953428208828,-0.10363928228616714,0.9942831993103027
-0.018357867375016212,0.013739608228206635,-0.1019120141863823,0.994529128074646
-0.012215745635330677,0.01378549262881279,-0.10046310722827911,0.9947702884674072
-0.0027356944046914577,0.014039475470781326,-0.09927371144294739,0.9949573278427124
0.0052439384162425995,0.014224955812096596,-0.09860872477293015,0.9950107932090759
0.014100104570388794,0.014913651160895824,-0.0981217473745346,0.994962751865387
0.018539007753133774,0.016139283776283264,-0.09769698232412338,0.9949126243591309
0.018911877647042274,0.018374068662524223,-0.09723344445228577,0.9949122667312622
0.014743910171091557,0.02083573304116726,-0.09672854840755463,0.994983434677124
0.008232537657022476,0.022365296259522438,-0.09638652950525284,0.9950585961341858
9.01588864508085e-05,0.022941436618566513,-0.09584493190050125,0.9951318502426147
-0.007812379859387875,0.021536221727728844,-0.09533519297838211,0.9951815605163574
-0.014285179786384106,0.018927978351712227,-0.09479016810655594,0.9952148199081421
-0.019796311855316162,0.014585619792342186,-0.09417517483234406,0.9952519536018372
-0.022743569687008858,0.009986618533730507,-0.0937630906701088,0.9952846169471741
-0.022335460409522057,0.004033442586660385,-0.09347391873598099,0.9953629970550537
-0.01758580468595028,-0.0018508745124563575,-0.0932788997888565,0.9954829812049866
-0.007626969367265701,-0.007891361601650715,-0.09301906079053879,0.9956038594245911
0.006699679419398308,-0.01247008703649044,-0.0926247388124466,0.9956004619598389
0.02369370125234127,-0.014388957992196083,-0.09189401566982269,0.9953828454017639
0.033914923667907715,-0.014517797157168388,-0.09134364873170853,0.9951358437538147
0.036421455442905426,-0.013466392643749714,-0.09095025807619095,0.9950980544090271
0.03642014414072037,-0.011505157686769962,-0.09054186195135117,0.9951599836349487
0.03689425438642502,-0.008973768912255764,-0.09027969837188721,0.9951923489570618
0.036914926022291183,-0.006791795138269663,-0.09055054932832718,0.9951843023300171
0.0362074114382267,-0.004844584036618471,-0.09153728932142258,0.9951313734054565
0.03393827751278877,-0.0027397561352699995,-0.0926419347524643,0.9951171875
0.03132936730980873,-0.00047934605390764773,-0.09371574968099594,0.9951058030128479
0.02806042693555355,0.0020597002003341913,-0.09450553357601166,0.9951266646385193
0.02485721744596958,0.004256763495504856,-0.09488100558519363,0.9951691031455994
0.02195051871240139,0.006367749068886042,-0.09496936947107315,0.9952178001403809
0.019037039950489998,0.008339966647326946,-0.09486111253499985,0.9952735304832458
0.016849128529429436,0.009774811565876007,-0.09456364065408707,0.9953282475471497
0.015689056366682053,0.010367262177169323,-0.09419795870780945,0.9953758716583252
0.01444808766245842,0.010642667300999165,-0.09379444271326065,0.9954298734664917
0.01425813790410757,0.009831487201154232,-0.09356385469436646,0.9954626560211182
0.016652166843414307,0.00881472323089838,-0.09372325986623764,0.995419979095459
0.021123193204402924,0.008017666637897491,-0.09374549984931946,0.9953398108482361
0.026805294677615166,0.007706813048571348,-0.09339351207017899,0.9952385425567627
0.030177731066942215,0.00814850628376007,-0.09281370788812637,0.9951927065849304
0.03216179832816124,0.009058897383511066,-0.09222844243049622,0.9951770901679993
0.03175944462418556,0.009623128920793533,-0.09183550626039505,0.9952210783958435
0.028095325455069542,0.0103846974670887,-0.09154650568962097,0.9953502416610718
0.022291431203484535,0.011334261856973171,-0.09138081967830658,0.9954994916915894
0.015552722848951817,0.012688272632658482,-0.0912661924958229,0.9956242442131042
0.009876235388219357,0.014297831803560257,-0.09082440286874771,0.995715320110321
0.004614042118191719,0.015583522617816925,-0.090237095952034,0.9957876801490784
0.0018818061798810959,0.016731705516576767,-0.08939380943775177,0.9958540201187134
-0.0017874814802780747,0.01813025213778019,-0.08874162286520004,0.9958880543708801
-0.007610033266246319,0.019961364567279816,-0.08772311359643936,0.9959158301353455
-0.008609565906226635,0.019787734374403954,-0.08691702783107758,0.9959818124771118
-0.007457362022250891,0.01970118097960949,-0.08604066073894501,0.9960688948631287
-0.004709442146122456,0.020137300714850426,-0.08522028475999832,0.9961475133895874
-0.001425477908924222,0.020714640617370605,-0.08384783565998077,0.9962621927261353
-0.0011523363646119833,0.020958373323082924,-0.08240727335214615,0.9963776469230652
-0.0023587720934301615,0.020221484825015068,-0.08084622770547867,0.9965186715126038
-0.005268638487905264,0.018970629200339317,-0.07933522015810013,0.9966535568237305
-0.01144238281995058,0.01765821874141693,-0.07777180522680283,0.9967491030693054
-0.016678545624017715,0.016422448679804802,-0.07683901488780975,0.9967687129974365
-0.021311944350600243,0.014858782291412354,-0.07612410932779312,0.996759831905365
-0.024100882932543755,0.01383279636502266,-0.07568603754043579,0.9967443943023682
-0.024310920387506485,0.013209865428507328,-0.07510121166706085,0.9967920184135437
-0.02096378803253174,0.012759030796587467,-0.07448448985815048,0.9969201683998108
-0.015273596160113811,0.01223269198089838,-0.07384709268808365,0.9970775842666626
-0.00795402005314827,0.011828460730612278,-0.07337681949138641,0.9972023963928223
-0.0006191040156409144,0.011458707973361015,-0.07297855615615845,0.997267484664917
0.006647620815783739,0.011422377079725266,-0.0724961906671524,0.9972811341285706
0.00861468818038702,0.012078966945409775,-0.07194576412439346,0.9972981810569763
0.007319021038711071,0.01384295616298914,-0.07141143083572388,0.9973240494728088
0.004477052483707666,0.015647653490304947,-0.07087402790784836,0.9973524808883667
-0.000256295403232798,0.017600975930690765,-0.07026093453168869,0.9973733425140381
-0.005361068993806839,0.018785249441862106,-0.06944546848535538,0.9973944425582886
-0.011431685648858547,0.018506525084376335,-0.06831879168748856,0.9974263906478882
-0.015796007588505745,0.016819439828395844,-0.067058265209198,0.9974822402000427
-0.019457677379250526,0.013203978538513184,-0.06596685945987701,0.9975447058677673
-0.021593211218714714,0.008139350451529026,-0.06516809016466141,0.9976074695587158
-0.021823391318321228,0.0032739073503762484,-0.064431332051754,0.9976781010627747
-0.018703630194067955,-0.001989103155210614,-0.06380228698253632,0.9977852702140808
-0.01051933504641056,-0.006724315229803324,-0.06320057064294815,0.9979227781295776
0.004585769027471542,-0.009136243723332882,-0.06205827742815018,0.9980201721191406
0.019648747518658638,-0.00851329043507576,-0.0608702078461647,0.9979159832000732
0.029817380011081696,-0.006261633709073067,-0.05932089313864708,0.9977738857269287
0.0327412448823452,-0.003151377895846963,-0.05800377577543259,0.9977743625640869
0.03308168053627014,-0.00033107856870628893,-0.05696876719594002,0.9978276491165161
0.033267755061388016,0.0022737588733434677,-0.056265782564878464,0.9978588223457336
0.03267902508378029,0.00444553280249238,-0.05639125779271126,0.9978638887405396
0.03176020830869675,0.005868832115083933,-0.057311590760946274,0.997833788394928
0.030146632343530655,0.00640153931453824,-0.05873050540685654,0.9977980256080627
0.028930405154824257,0.006750003434717655,-0.05988277867436409,0.9977632761001587
0.027797985821962357,0.007421649526804686,-0.060967620462179184,0.9977250099182129
0.02641157992184162,0.008503156714141369,-0.06165649741888046,0.9977116584777832
0.024133771657943726,0.009808541275560856,-0.06201125308871269,0.9977354407310486
0.02212641015648842,0.010858639143407345,-0.06204553693532944,0.9977689385414124
0.019109148532152176,0.011308042332530022,-0.062080591917037964,0.9978241324424744
0.016288084909319878,0.011281633749604225,-0.062201980501413345,0.9978668689727783
0.013774959370493889,0.010982981882989407,-0.062474943697452545,0.9978910088539124
0.013730110600590706,0.01029302179813385,-0.06288015097379684,0.9978735446929932
0.0158352293074131,0.01020339597016573,-0.06330665946006775,0.9978163242340088
0.01861971989274025,0.010175485163927078,-0.06357064843177795,0.9977517127990723
0.02142825350165367,0.010424255393445492,-0.06366772204637527,0.9976866245269775
0.023278476670384407,0.011000864207744598,-0.06363841146230698,0.99764084815979
0.024106312543153763,0.011511835269629955,-0.06363897770643234,0.997615396976471
0.02379101887345314,0.011551162227988243,-0.0636061280965805,0.9976245760917664
0.02214200235903263,0.01179972942918539,-0.0636974573135376,0.9976538419723511
0.019521314650774002,0.012281177565455437,-0.06379932910203934,0.9976962208747864
0.01625199057161808,0.012755471281707287,-0.06389864534139633,0.9977425336837769
0.013472484424710274,0.013174365274608135,-0.06399967521429062,0.9977719783782959
0.01076420396566391,0.013550160452723503,-0.06398000568151474,0.9978011250495911
0.0085056833922863,0.013839241117238998,-0.06392993777990341,0.9978221654891968
0.003371438942849636,0.015104139223694801,-0.06384152173995972,0.9978400468826294
-0.0021941845770925283,0.01713145151734352,-0.06343812495470047,0.9978362917900085
-0.007190882693976164,0.020504066720604897,-0.06223009526729584,0.9978252649307251
-0.00961674191057682,0.02274690568447113,-0.0609809085726738,0.9978333711624146
-0.007973372004926205,0.0239036213606596,-0.059199389070272446,0.9979280829429626
-0.00445201201364398,0.024509290233254433,-0.05729813873767853,0.9980462789535522
-0.001589838182553649,0.02486151084303856,-0.055772729218006134,0.9981326460838318
-0.0008566894102841616,0.025798890739679337,-0.05396305397152901,0.9982092380523682
-0.0024507115595042706,0.026022370904684067,-0.05253160372376442,0.9982771277427673
-0.0047606597654521465,0.02581002563238144,-0.051312629133462906,0.9983376860618591
-0.008474797941744328,0.02508121356368065,-0.0500863716006279,0.9983939528465271
-0.013483257032930851,0.023925703018903732,-0.04878528043627739,0.9984316229820251
-0.0189912598580122,0.022105196490883827,-0.04775393381714821,0.9984338879585266
-0.02431737631559372,0.01993449404835701,-0.04672025516629219,0.9984129667282104
-0.02745097503066063,0.017645642161369324,-0.045729536563158035,0.9984207153320312
-0.027268406003713608,0.015594725497066975,-0.044618453830480576,0.9985101222991943
-0.024501807987689972,0.01448860950767994,-0.043786220252513885,0.9986353516578674
-0.018143774941563606,0.013539453037083149,-0.042981620877981186,0.9988193511962891
-0.008693390525877476,0.01288626529276371,-0.04247453808784485,0.9989765882492065
0.00041501453961245716,0.01252604741603136,-0.04228179156780243,0.9990271329879761
0.008313016034662724,0.012646087445318699,-0.04202248156070709,0.9990020394325256
0.013336519710719585,0.013815825805068016,-0.04139099642634392,0.9989584684371948
0.013622666709125042,0.01566435769200325,-0.04074437543749809,0.9989539384841919
0.010822937823832035,0.01812177710235119,-0.039907656610012054,0.9989804029464722
0.006126137915998697,0.020122399553656578,-0.0389544740319252,0.9990195631980896
-0.000400198798161,0.02142561785876751,-0.0377676859498024,0.9990567564964294
-0.006861309055238962,0.0212715957313776,-0.03637630492448807,0.9990881681442261
-0.012093206867575645,0.0197934340685606,-0.0350104495882988,0.9991177320480347
-0.016752909868955612,0.01716308854520321,-0.033583082258701324,0.9991481304168701
-0.020476065576076508,0.012547889724373817,-0.032351888716220856,0.9991880059242249
-0.02182953618466854,0.007291327230632305,-0.031335439532995224,0.9992439150810242
-0.019407154992222786,0.002665415871888399,-0.03060734085738659,0.9993395209312439
-0.012234605848789215,-0.0023934110067784786,-0.030165115371346474,0.9994671940803528
0.0017924626590684056,-0.0047888304106891155,-0.02908693253993988,0.9995638132095337
0.01778465136885643,-0.004518595524132252,-0.028014283627271652,0.9994390606880188
0.02981729432940483,-0.003227930050343275,-0.026757463812828064,0.99919193983078
0.03262457624077797,-0.0011843267129734159,-0.025430386886000633,0.9991434216499329
0.03280596435070038,0.0009000848513096571,-0.024190936237573624,0.9991685152053833
0.03310581296682358,0.003186461515724659,-0.022967111319303513,0.9991828203201294
0.032588470727205276,0.004464870784431696,-0.022944914177060127,0.9991954565048218
0.03121354430913925,0.005359556991606951,-0.023815184831619263,0.9992145895957947
0.029581885784864426,0.005803653504699469,-0.024959584698081017,0.9992338418960571
0.028781384229660034,0.006446260493248701,-0.026018446311354637,0.9992262721061707
0.02822769619524479,0.007347613573074341,-0.02699016034603119,0.9992100596427917
0.027039170265197754,0.008665889501571655,-0.027773462235927582,0.9992108941078186
0.026192497462034225,0.009231804870069027,-0.028012050315737724,0.9992217421531677
0.024556348100304604,0.009428706020116806,-0.02849625051021576,0.9992477297782898
0.022763647139072418,0.00887091550976038,-0.029037393629550934,0.9992797374725342
0.02067301608622074,0.008223424665629864,-0.029497122392058372,0.9993172287940979
0.019265759736299515,0.007310908287763596,-0.03016604855656624,0.9993324875831604
0.018738972023129463,0.006837912369519472,-0.03086063638329506,0.99932461977005
0.019496267661452293,0.00661069480702281,-0.031280338764190674,0.999298632144928
0.020009372383356094,0.006878206972032785,-0.031703654676675797,0.9992733597755432
0.020804671570658684,0.007144128438085318,-0.03198360651731491,0.9992462992668152
0.021825434640049934,0.007552368100732565,-0.032187167555093765,0.9992150068283081
0.022865192964673042,0.007603001780807972,-0.03234408050775528,0.9991862773895264
0.023249702528119087,0.007371876388788223,-0.03242916241288185,0.9991763830184937
0.02253982238471508,0.007087224163115025,-0.03258151561021805,0.9991897344589233
0.02057028003036976,0.006542225833982229,-0.03290930017828941,0.9992251992225647
0.018171174451708794,0.005909703206270933,-0.03322349116206169,0.9992652535438538
0.01517519261687994,0.005078407004475594,-0.03349457308650017,0.9993107914924622
0.009968324564397335,0.004809899255633354,-0.03395397588610649,0.9993621110916138
0.0024243835359811783,0.006246247794479132,-0.03444473817944527,0.9993841648101807
-0.005928735248744488,0.008357184007763863,-0.034987471997737885,0.9993352293968201
-0.012044323608279228,0.01076110266149044,-0.034870341420173645,0.9992613196372986
-0.016223568469285965,0.01233003195375204,-0.03435193747282028,0.9992020130157471
-0.013920407742261887,0.011577927507460117,-0.033597007393836975,0.9992714524269104
-0.009618564508855343,0.009951185435056686,-0.033064067363739014,0.9993574023246765
-0.004028942435979843,0.00912054069340229,-0.032137274742126465,0.9994337558746338
-0.0007902871002443135,0.009568437933921814,-0.031301289796829224,0.9994638562202454
-0.0007010936387814581,0.010632413439452648,-0.030099861323833466,0.9994900822639465
-0.002651475602760911,0.011888546869158745,-0.028849486261606216,0.9995095729827881
-0.007291760295629501,0.013081341050565243,-0.027366770431399345,0.9995132684707642
-0.013748719356954098,0.013973620720207691,-0.026014098897576332,0.9994693398475647
-0.01962774619460106,0.013802447356283665,-0.024820053949952126,0.9994039535522461
-0.025020170956850052,0.013053362257778645,-0.023481817916035652,0.9993258714675903
-0.026641953736543655,0.011795106343925,-0.022362248972058296,0.9993252754211426
-0.02536579594016075,0.010621792636811733,-0.021448686718940735,0.9993916749954224
-0.02191491425037384,0.009552315808832645,-0.020752238109707832,0.9994987845420837
-0.015266548842191696,0.00867137685418129,-0.02019430324435234,0.9996418952941895
-0.006036915350705385,0.008001672104001045,-0.019861074164509773,0.9997525215148926
0.0033001236151903868,0.008092723786830902,-0.019474027678370476,0.9997721910476685
0.010301962494850159,0.009214854799211025,-0.018932944163680077,0.9997252225875854
0.013285051099956036,0.011362219229340553,-0.018364399671554565,0.9996785521507263
0.01304605882614851,0.013707229867577553,-0.017754608765244484,0.9996632933616638
0.01021306961774826,0.01657683029770851,-0.01673051342368126,0.9996704459190369
0.006718938704580069,0.017941344529390335,-0.01581200212240219,0.9996914267539978
0.0024313589092344046,0.018198788166046143,-0.014656191691756248,0.9997240304946899
-0.0017785473028197885,0.01693079248070717,-0.013591612689197063,0.9997627139091492
-0.00619936641305685,0.014182448387145996,-0.012335287407040596,0.9998041391372681
-0.010396508499979973,0.010325917974114418,-0.01131496299058199,0.9998286366462708
-0.013116786256432533,0.00636126147583127,-0.010525562800467014,0.9998383522033691
-0.013470977544784546,0.0015943389153108,-0.009920555166900158,0.9998587965965271
-0.009564759209752083,-0.0030175838619470596,-0.00947499554604292,0.9999048113822937
-0.0021353221964091063,-0.006032994948327541,-0.009068711660802364,0.999938428401947
0.012122143059968948,-0.0069867465645074844,-0.007960616610944271,0.9998704195022583
0.023555699735879898,-0.006729528307914734,-0.007080565206706524,0.9996747970581055
0.02884952910244465,-0.005976863205432892,-0.0065318322740495205,0.9995445609092712
0.03253931179642677,-0.005077693145722151,-0.005748727824538946,0.9994410276412964
0.03472500294446945,-0.004218798130750656,-0.005187089089304209,0.9993745684623718
0.03505478426814079,-0.003269507549703121,-0.005074894521385431,0.9993671774864197
0.034155767410993576,-0.0025656551588326693,-0.00556874368339777,0.9993976950645447
0.03241942450404167,-0.0016010449035093188,-0.0063650840893387794,0.9994528293609619
0.030578400939702988,-0.00032011643634177744,-0.00716599402949214,0.9995066523551941
0.028619255870580673,0.0014682216569781303,-0.007689918391406536,0.9995597004890442
0.026179704815149307,0.003631170839071274,-0.00802538637071848,0.9996184706687927
0.02359723299741745,0.00495808944106102,-0.00822661817073822,0.9996753931045532
0.021237729117274284,0.006277264095842838,-0.008518502116203308,0.999718427658081
0.01947544887661934,0.006731468252837658,-0.008849779143929482,0.9997485280036926
0.017841968685388565,0.006621458567678928,-0.009225711226463318,0.999776303768158
0.015987453982234,0.005871125031262636,-0.009745270013809204,0.9998074769973755
0.014330198056995869,0.004943116568028927,-0.01034370344132185,0.9998316168785095
0.015063286758959293,0.003590005449950695,-0.010989990085363388,0.9998196959495544
0.018740737810730934,0.0027976217679679394,-0.011439953930675983,0.9997550249099731
0.022215411067008972,0.002145896665751934,-0.011640054173767567,0.999683141708374
0.024628402665257454,0.0015376713126897812,-0.011809076182544231,0.9996257424354553
0.02619454450905323,0.0014498092932626605,-0.011932007037103176,0.9995846152305603
0.027159593999385834,0.0006635852041654289,-0.011873910203576088,0.9995603561401367
0.026213550940155983,-0.0004081075021531433,-0.011964909732341766,0.9995846748352051
0.02363857626914978,-0.0014919793466106057,-0.012220063246786594,0.9996447563171387
0.020458469167351723,-0.0022605496924370527,-0.012452659197151661,0.9997106194496155
0.016794921830296516,-0.0033275289461016655,-0.01274606492370367,0.9997721910476685
0.013017315417528152,-0.004331640899181366,-0.012881635688245296,0.9998229146003723
0.009193393401801586,-0.005239072255790234,-0.012939215637743473,0.9998602867126465
0.0025745269376784563,-0.004534852225333452,-0.013014855794608593,0.9999017119407654
-0.004010360687971115,-0.0028277847450226545,-0.013155834749341011,0.9999014139175415
-0.009464053437113762,-0.00017458971706219018,-0.013127190060913563,0.9998690485954285
-0.012576344422996044,0.0030948654748499393,-0.012851444073021412,0.9998335242271423
-0.010159405879676342,0.004736114758998156,-0.012311287224292755,0.9998613595962524
-0.005744138266891241,0.005001903977245092,-0.011904639191925526,0.9999001026153564
-0.001949952100403607,0.004702798090875149,-0.011416112072765827,0.9999218583106995
-0.0020869348663836718,0.0052849603816866875,-0.010966276749968529,0.9999237060546875
-0.006478034425526857,0.006265721749514341,-0.010605166666209698,0.99990314245224
-0.012134791351854801,0.007153461221605539,-0.010238287039101124,0.9998483657836914
-0.019404806196689606,0.00745088467374444,-0.009803094901144505,0.9997358918190002
-0.024880308657884598,0.007388364057987928,-0.009387770667672157,0.9996190667152405
-0.028029220178723335,0.007012536749243736,-0.008831106126308441,0.9995434880256653
-0.028267469257116318,0.006707534659653902,-0.008303679525852203,0.9995434284210205
-0.025583835318684578,0.006595194339752197,-0.007671744097024202,0.9996215105056763
-0.020104818046092987,0.006727945059537888,-0.007101088762283325,0.999750018119812
-0.010957073420286179,0.00711924210190773,-0.006527500692754984,0.999893307685852
0.00011987549078185111,0.007826903834939003,-0.006022144109010696,0.9999512434005737
